voice-over	0	0	0	0	1	15	80	319	925	development	117	262	581	1037	1697	2614	3791	5000	5000
video	0	1	1	5	24	53	135	360	885	henry	0	3	24	66	138	299	578	1000	1679
software	9	20	41	76	151	303	602	1106	1926	promise	2	2	4	4	8	12	27	80	306
gender	2	2	4	30	113	301	771	1601	2923	estate	5	7	13	27	56	118	220	477	900
e-mail	0	0	2	6	12	25	63	181	486	slave	1	2	6	14	26	42	81	167	380
teaspoon	85	159	271	454	686	1059	1670	2693	4317	testimony	9	14	23	41	70	119	203	383	721
infrastructure	16	44	115	251	482	863	1482	2439	3727	entertainment	2	2	7	22	45	106	229	497	1030
feedback	0	0	1	2	5	26	99	371	1071	circuit	0	1	2	4	16	37	62	137	258
lifestyle	1	1	2	4	15	63	259	840	1953	selection	1	2	2	11	45	162	416	1004	2039
youre	0	0	0	1	4	40	112	284	594	dean	2	7	17	43	107	218	430	741	1267
metro	0	1	7	20	61	130	298	611	1220	organ	0	1	3	12	39	69	138	252	514
database	3	3	5	18	53	151	386	880	1796	historian	56	87	137	231	391	663	1120	1890	3012
website	0	0	1	3	7	18	71	218	615	reproach	7	11	23	52	102	199	427	817	1580
pasta	231	319	437	585	793	1101	1595	2517	4087	reign	0	2	5	9	16	30	60	127	245
tablespoon	95	184	296	458	670	994	1550	2443	3878	threshold	0	0	1	1	5	10	26	51	112
update	0	0	0	0	2	14	62	228	713	revival	2	2	5	9	31	84	207	471	1059
workplace	0	0	1	11	46	182	492	1171	2242	assumption	9	18	44	101	253	576	1132	2029	3224
healthcare	6	12	34	78	189	363	680	1205	1989	philosopher	63	113	172	281	419	656	1040	1625	2645
fax	1	1	3	5	9	16	24	60	128	core	0	0	0	0	5	23	115	377	1099
workout	0	0	0	4	12	26	93	223	614	theology	84	137	216	343	537	812	1271	1972	2948
regression	0	0	0	0	1	8	33	143	444	mathematics	62	87	136	203	300	467	730	1191	1910
parenting	1	1	2	2	7	27	71	195	500	accuracy	16	27	40	71	131	241	453	887	1561
ethnicity	1	2	8	20	92	278	631	1305	2385	attraction	3	5	6	9	11	18	54	228	635
baseline	0	2	3	21	49	141	351	768	1579	location	2	3	4	8	16	42	147	454	1154
ecosystem	1	5	12	35	103	253	602	1388	2690	abolition	18	29	55	109	210	391	743	1299	2087
processor	1	1	1	5	15	84	282	711	1484	sterling	0	1	2	3	11	20	61	113	216
ppg	0	0	0	3	9	52	156	404	926	kit	0	0	3	14	39	106	288	813	1884
spokeswoman	1	1	1	1	4	7	19	68	148	preservation	2	4	10	18	30	67	176	422	934
icon	0	1	2	9	34	127	379	972	2092	essay	21	32	60	116	226	424	737	1296	2216
globalization	29	57	138	310	612	1092	1831	2853	4185	classification	24	77	196	441	896	1560	2501	3772	5000
email	0	0	0	1	3	9	25	81	252	defect	8	9	23	52	138	352	798	1582	2818
governance	4	24	100	272	617	1145	1952	3051	4414	catalogue	2	4	10	22	42	75	130	258	484
interface	2	14	54	136	268	517	989	1884	3284	category	0	0	3	5	19	74	282	769	1690
workforce	3	7	20	48	144	303	609	1157	1986	transition	3	6	13	29	104	278	720	1489	2785
laptop	8	21	48	91	200	363	717	1309	2311	mastery	2	3	4	13	42	126	306	754	1496
biodiversity	2	4	6	14	26	71	218	556	1285	individuality	35	124	300	594	1047	1603	2441	3510	4849
info	0	0	0	0	0	1	4	11	46	medal	4	4	7	11	17	28	49	88	185
blog	0	0	2	4	10	28	81	219	562	choir	13	20	35	56	110	184	298	509	898
outreach	4	13	26	70	146	279	523	973	1802	connexion	4	5	16	29	67	212	530	1139	2038
preschool	4	7	11	22	36	72	143	275	547	treatise	10	19	36	78	153	294	551	946	1645
privatization	33	78	193	400	704	1188	1907	2834	4146	championship	63	76	121	173	220	279	381	534	743
overview	0	1	2	6	9	21	46	140	367	censure	13	20	26	46	82	180	385	767	1445
watercolor	1	2	4	8	17	38	85	220	461	affliction	5	12	25	47	122	273	540	1005	1827
backpack	80	156	305	576	988	1701	2623	3844	5000	fairness	9	18	32	61	104	210	411	827	1609
download	0	0	1	5	10	35	85	225	580	cluster	1	5	15	53	131	310	655	1266	2193
artwork	4	10	33	90	184	368	782	1644	3117	resource	1	1	1	6	25	98	301	764	1563
hip-hop	5	11	21	35	81	171	408	816	1683	hamlet	0	0	0	0	2	5	14	42	113
peacekeeping	1	7	16	55	141	327	629	1175	2122	partnership	3	4	7	14	28	63	151	352	859
salsa	83	146	239	357	503	679	953	1463	2472	canon	0	0	0	1	2	2	9	23	76
same-sex	0	1	3	6	14	39	108	304	822	livestock	40	81	138	242	413	740	1216	2020	3171
multimedia	3	10	25	49	111	225	446	833	1439	extinction	7	8	20	31	55	130	333	735	1548
genome	0	0	0	0	3	20	74	256	669	option	0	0	9	29	97	242	502	1024	1846
predictor	1	1	5	9	19	45	141	376	913	attainment	24	65	162	357	700	1263	1986	3077	4488
autism	5	15	38	78	160	301	504	825	1375	rivalry	10	12	16	26	42	83	210	482	987
sensor	158	257	406	648	997	1498	2262	3336	4798	sector	1	3	6	24	97	259	611	1222	2158
cilantro	227	342	485	701	1005	1502	2249	3491	5000	accession	1	2	4	9	19	40	92	195	383
sustainability	2	3	20	68	211	489	930	1649	2702	neighbourhood	2	2	3	3	6	18	56	164	427
empowerment	1	6	15	66	175	389	833	1597	2746	specialist	28	51	82	134	203	336	607	1087	1857
condom	0	0	0	0	0	4	16	52	253	hedge	8	14	26	58	108	202	388	681	1235
self-efficacy	0	0	4	31	91	293	788	1680	2974	reproduction	0	0	2	20	125	409	984	1950	3191
ethanol	18	56	130	267	502	882	1480	2307	3493	rotation	5	15	31	77	193	415	780	1471	2514
anthrax	1	5	20	57	116	234	424	750	1272	spectrum	23	49	104	223	464	882	1560	2519	3776
tsunami	1	1	2	5	11	37	80	181	465	fervor	12	24	44	79	153	318	544	1017	1760
rehab	0	1	3	4	9	35	84	228	634	bias	3	4	5	12	52	152	422	974	1932
filmmaker	12	32	52	116	233	419	714	1188	1949	arithmetic	16	21	30	53	84	162	289	564	1036
subscale	0	0	0	0	8	34	140	489	1259	trustee	6	16	31	79	183	368	679	1167	1988
def	0	0	0	0	0	2	15	68	202	ox	3	4	11	25	53	98	177	369	807
entitlement	5	13	49	174	435	966	1889	3107	4605	commentary	1	4	9	15	34	77	167	369	836
tsp	51	89	166	322	544	878	1428	2311	3903	polo	8	11	25	39	70	133	220	394	740
condo	11	15	28	58	120	266	493	1031	2015	photo	2	4	4	6	12	38	94	262	606
bailout	5	21	44	111	213	359	673	1175	1900	musician	30	49	89	177	297	508	842	1328	2157
groundwater	24	46	76	142	258	477	933	1629	2616	basketball	51	72	110	172	239	327	468	669	1040
downside	0	1	1	1	7	38	120	438	1215	classroom	9	11	28	48	92	166	296	563	1105
landfill	3	8	17	44	96	195	463	1032	2076	proximity	1	1	1	5	7	9	17	38	151
algorithm	0	5	10	55	184	386	792	1433	2417	subsidiary	14	28	70	120	229	434	800	1349	2279
wastewater	14	25	49	114	247	492	925	1655	2660	metaphysics	116	193	307	470	744	1140	1703	2502	3516
spokesperson	2	2	2	5	8	20	51	125	312	jurisprudence	21	44	105	247	552	1038	1792	2730	4057
postseason	35	64	92	126	181	268	363	512	841	meditation	4	6	9	13	20	33	64	173	446
dysfunction	201	320	470	651	969	1365	2039	2963	4270	curriculum	13	32	72	122	247	442	855	1545	2548
sitcom	2	2	6	17	39	82	175	401	904	evasion	7	18	38	89	159	352	721	1411	2432
analog	6	23	55	104	186	316	559	1078	2103	album	1	5	9	23	53	124	266	538	1109
tofu	303	395	522	659	879	1150	1618	2363	3509	sub	1	3	5	7	9	28	159	461	1087
arousal	1	7	24	84	187	429	899	1661	2828	segment	2	4	6	23	71	193	503	1137	2200
ballpark	2	3	3	5	15	57	186	523	1292	supporter	6	12	20	41	96	169	314	571	1049
victimization	0	3	4	18	61	151	354	788	1635	autobiography	14	29	44	88	200	344	617	1087	1854
backcountry	2	3	6	19	46	111	307	730	1580	flexibility	10	25	79	208	491	934	1692	2796	4274
offseason	0	1	7	13	31	66	116	227	419	schoolboy	2	3	3	4	16	44	108	251	571
burnout	0	0	0	1	5	15	50	164	408	magnet	6	13	29	66	127	255	447	765	1379
biomass	26	79	195	422	803	1325	2043	3062	4368	builder	3	14	26	56	91	168	329	686	1237
acculturation	0	0	2	5	39	142	428	987	1909	surveillance	1	5	10	22	56	92	222	490	995
osteoporosis	44	96	170	304	436	626	866	1187	1693	contingency	1	1	3	7	15	62	212	522	1196
start-up	4	14	44	103	249	492	887	1504	2532	pregnancy	66	129	251	412	621	904	1315	1929	2858
fundraising	2	4	6	17	58	170	388	835	1589	dedication	1	4	8	9	12	38	111	305	807
firefighter	1	1	3	6	14	34	110	277	707	competitor	0	0	2	6	19	49	107	245	640
homelessness	4	6	15	29	69	164	357	810	1632	quartermaster	7	14	23	51	75	146	244	454	814
testosterone	2	11	21	56	148	335	664	1174	1986	collaboration	2	5	11	27	62	213	566	1232	2336
biotechnology	9	17	41	94	208	436	865	1567	2634	philanthropy	8	16	29	62	156	380	818	1563	2722
caregiver	3	5	6	24	45	106	269	700	1555	container	57	121	249	498	965	1614	2533	3751	5000
browser	0	1	3	4	15	42	139	392	1021	vineyard	0	1	1	1	3	5	21	81	233
nonstick	9	30	82	192	416	838	1423	2220	3603	viewpoint	5	7	10	31	119	315	805	1622	2816
cornerback	4	6	16	32	57	90	155	270	522	waterfront	2	5	16	23	51	114	227	439	887
sunscreen	1	2	4	14	29	101	249	557	1112	disability	11	25	55	103	235	477	923	1581	2592
biotech	3	4	14	43	89	199	426	882	1666	terrain	2	4	11	28	70	153	324	633	1184
cellphone	3	10	18	26	51	114	235	500	1030	embodiment	7	14	22	51	163	364	743	1374	2291
soundtrack	4	12	40	100	196	369	632	1072	1929	neighbour	1	1	1	4	6	24	68	186	480
wellness	1	1	5	17	29	66	143	317	625	cruiser	45	60	86	134	197	289	425	597	894
cyberspace	0	0	0	0	3	22	85	368	1001	precedence	0	3	4	5	9	12	24	61	216
makeover	0	0	1	2	3	11	42	125	407	township	1	4	7	10	17	33	65	177	401
app	0	0	1	5	16	45	117	358	911	cult	0	4	16	37	90	219	493	1070	2056
steroid	0	3	11	45	127	265	494	810	1343	makeup	2	4	7	19	39	99	230	520	1217
ponytail	70	154	282	493	781	1206	1915	2952	4405	orthodoxy	52	103	168	276	452	777	1262	2047	3091
after-school	2	9	20	32	55	109	224	415	749	documentary	6	12	15	37	80	180	374	784	1565
sushi	8	24	55	130	236	365	558	917	1582	otter	8	13	26	41	82	154	269	482	911
oregano	248	373	564	816	1158	1676	2529	3783	5000	settler	5	12	16	30	42	75	143	257	530
meltdown	6	10	13	33	60	107	226	471	1027	residue	3	5	25	90	218	466	781	1285	2047
gridlock	0	0	4	7	9	41	137	400	1045	infinity	8	13	26	73	145	323	669	1279	2338
template	0	1	3	11	27	98	331	832	1779	backbone	0	0	1	2	4	6	10	36	122
worldview	33	110	257	538	941	1518	2325	3382	4741	birthplace	0	0	1	1	12	25	82	218	550
rapper	0	1	8	26	82	182	428	952	1970	gully	64	118	232	423	724	1203	1881	2917	4179
fund-raiser	1	1	5	8	25	71	206	507	1130	orientation	49	145	370	784	1426	2352	3545	5000	5000
giftedness	0	1	11	45	160	381	777	1456	2447	referendum	13	33	69	148	287	526	895	1466	2273
multiculturalism	30	54	120	253	486	861	1470	2414	3607	unconsciousness	6	16	34	68	154	306	607	1081	1816
pandemic	1	6	11	28	62	159	351	682	1345	nickname	4	4	8	8	9	11	34	113	369
audiotape	0	0	0	0	0	0	0	4	36	pavilion	2	5	24	45	96	197	410	762	1383
timeline	0	0	3	6	18	66	214	593	1383	sponsor	1	4	7	39	106	279	621	1236	2087
handheld	7	21	58	121	256	465	866	1430	2346	induction	6	29	96	228	434	874	1556	2529	3878
telecom	2	3	15	36	81	157	291	536	967	novice	0	0	1	2	7	22	78	245	652
epidemiology	23	35	47	84	145	257	416	671	1058	quarterback	84	115	157	212	264	339	494	749	1159
ultrasound	2	11	21	62	144	291	570	1002	1718	south-west	7	17	40	69	122	227	375	672	1190
counterterrorism	2	5	12	28	60	153	311	602	1132	differentiation	514	903	1444	2142	3027	4076	5000	5000	5000
mpg	0	1	2	5	18	42	78	176	363	ski	2	3	11	28	41	73	152	341	778
self-report	0	0	0	1	10	58	199	548	1342	availability	9	25	76	178	450	914	1608	2607	3922
wake-up	0	0	0	0	1	3	21	102	420	catcher	46	69	90	132	192	273	420	701	1312
marinade	174	275	394	574	815	1150	1734	2728	4290	cascade	6	15	37	91	193	386	761	1293	2215
matchup	4	9	16	34	75	123	206	307	506	radius	3	13	35	68	131	260	521	958	1723
self-concept	0	0	2	10	36	137	377	897	1786	disobedience	5	9	25	48	103	234	474	976	1798
minivan	19	39	60	85	137	226	400	684	1336	sycamore	36	56	90	137	215	371	699	1292	2180
hotline	0	0	0	0	0	0	3	18	86	recluse	1	2	4	7	21	63	166	464	1049
aerobics	0	2	3	5	8	14	33	65	151	violinist	37	57	106	169	255	448	780	1258	2077
subset	1	4	17	72	254	602	1227	2195	3429	chute	0	0	10	42	118	286	619	1176	2034
pretest	0	0	0	9	44	157	408	961	1955	educator	19	51	99	199	336	634	1055	1794	2833
vibe	0	1	1	4	12	36	139	395	1096	mall	0	0	2	5	14	37	99	234	493
wetland	15	30	54	110	205	389	729	1332	2427	investor	24	33	52	108	194	321	535	930	1582
sexism	2	7	28	94	219	483	932	1679	2810	trump	0	1	1	1	2	8	23	63	198
remediation	0	3	18	57	191	472	928	1654	2641	organisation	42	124	313	666	1254	2182	3306	4773	5000
whos	0	0	0	3	6	42	207	489	1069	terra	3	4	5	7	19	89	296	779	1599
mindset	4	8	49	176	480	1075	2021	3306	4851	anthem	9	15	35	65	106	186	292	471	757
bandwidth	0	0	10	30	81	178	387	790	1550	evangelist	3	4	9	26	54	120	247	511	992
vegan	2	19	55	122	222	330	471	677	1088	knave	42	68	108	170	273	457	749	1241	2061
coauthor	0	0	0	1	4	9	27	68	134	gymnasium	3	8	19	47	90	159	283	502	898
antioxidant	20	52	142	294	484	788	1137	1643	2422	disrespect	8	12	24	52	105	191	336	663	1240
deforestation	7	15	28	71	161	324	638	1247	2226	generalization	183	339	620	1002	1545	2351	3470	4831	5000
mozzarella	256	337	425	572	755	1033	1510	2311	3662	indicator	6	22	47	119	262	524	967	1608	2585
pesto	355	450	587	758	1025	1426	2090	3256	5000	booze	8	18	31	62	143	335	733	1457	2527
biosphere	0	1	1	1	2	10	37	144	469	textbook	14	40	109	197	401	747	1304	2184	3592
entrepreneurship	2	13	33	91	237	506	960	1681	2750	experimentation	16	37	155	386	845	1534	2517	3827	5000
pts	0	0	0	1	1	1	2	7	27	pub	0	0	0	2	6	13	35	95	286
startup	1	1	4	22	66	175	401	823	1599	epitaph	3	4	9	19	31	60	114	229	527
replication	1	18	83	270	621	1197	1969	3018	4276	culmination	3	3	7	14	31	92	229	548	1164
prosthesis	1	7	23	81	220	496	955	1700	2781	anarchist	7	13	25	39	84	148	319	575	1048
fundraiser	1	3	4	11	23	61	163	410	897	churchyard	5	11	15	24	42	83	177	385	810
chi-square	0	0	0	2	10	30	102	295	799	designation	1	2	5	11	35	79	235	655	1478
postmodernism	26	57	109	226	429	774	1271	2019	3022	insignificance	1	2	5	11	20	58	160	387	874
arugula	235	347	470	616	835	1161	1701	2547	3979	atheism	91	167	270	426	666	1056	1617	2394	3506
aquaculture	1	7	26	61	153	305	612	1163	2072	municipality	0	5	22	80	206	481	947	1733	2838
rainforest	0	0	3	11	21	70	179	448	953	bookseller	7	14	31	55	95	183	346	609	1138
cardio	0	0	1	1	5	8	30	86	275	detour	0	3	5	15	41	87	178	369	805
mind-set	0	2	4	6	25	120	368	987	2130	pedigree	2	3	3	3	4	8	14	41	161
percentile	0	0	0	0	3	15	32	78	183	subscriber	1	3	7	16	42	85	181	368	863
taxonomy	0	3	7	33	104	237	505	1050	1860	acclaim	5	7	11	14	22	35	69	159	353
trailhead	0	13	32	56	127	256	472	820	1341	vanguard	0	1	1	8	39	111	296	670	1461
dumpster	6	30	82	241	529	1029	1838	2979	4561	quartet	15	38	80	137	228	328	477	751	1271
cyber	0	0	0	0	0	1	6	31	144	noir	0	0	2	12	57	171	351	591	899
caregiving	0	1	5	13	36	100	272	683	1451	erudition	23	47	98	200	395	751	1313	2115	3321
carcinoma	55	151	285	502	796	1084	1466	1996	2681	scepticism	56	129	285	543	959	1596	2381	3396	4664
ricotta	331	439	583	768	1033	1490	2230	3391	5000	feeder	1	2	4	21	57	172	431	966	1955
conceptualization	103	241	481	835	1321	1979	2982	4248	5000	characterization	8	22	53	150	332	716	1357	2296	3629
methamphetamine	4	5	7	11	23	49	118	284	670	anthropologist	36	65	102	186	320	605	1065	1976	3385
payback	0	1	2	3	11	36	157	584	1468	bracket	0	0	2	3	8	36	111	312	789
subgroup	1	1	11	41	113	329	730	1457	2537	baritone	17	33	57	115	194	326	521	894	1463
facilitator	0	1	4	10	17	48	132	330	758	bibliography	2	5	16	23	55	120	232	474	917
daycare	3	6	10	21	38	78	167	350	763	stucco	76	123	207	326	562	948	1570	2437	3721
dot-com	1	1	1	2	5	12	34	91	217	ailment	81	135	201	305	413	576	779	1021	1486
predation	3	9	33	82	184	389	842	1641	2878	mushroom	0	2	12	56	148	295	600	1181	2062
canola	300	470	714	1046	1482	2041	2882	4069	5000	flier	8	22	43	97	177	322	634	1185	2137
moisturizer	3	7	14	27	83	183	388	799	1607	displacement	7	25	87	212	515	1058	1861	3051	4665
weight-loss	0	0	0	3	13	22	60	153	352	computation	7	15	40	103	269	585	1226	2189	3481
coursework	5	12	17	37	65	106	207	446	895	creativity	116	302	595	1088	1730	2615	3776	5000	5000
spreadsheet	1	1	3	7	16	44	104	243	593	dissertation	6	7	11	28	43	89	180	373	787
midlife	0	1	2	3	5	20	65	210	588	travail	0	1	1	6	11	45	175	458	934
couscous	212	306	407	510	667	886	1233	1785	2849	pantheon	2	6	14	38	99	185	364	695	1357
nanotechnology	3	12	24	54	100	233	523	1052	1927	specification	6	25	63	196	452	928	1696	2780	4253
homophobia	5	10	36	110	265	585	1083	1925	3071	coordinator	24	47	84	182	360	641	1075	1695	2612
inpatient	11	18	30	52	139	304	585	1056	1859	semester	3	12	26	41	74	118	218	393	749
pathogen	55	95	204	405	708	1115	1673	2403	3471	lawsuit	3	5	10	20	46	98	196	440	1002
optimization	31	98	234	521	993	1744	2686	3854	5000	contributor	1	3	6	16	32	63	133	339	735
poetics	15	57	125	278	570	996	1596	2429	3565	arcade	9	18	45	105	210	363	635	1105	1828
aka	0	0	1	1	3	12	68	241	669	viz	0	1	1	1	2	8	49	178	553
risotto	229	315	416	545	734	1017	1615	2741	4499	dolphin	2	3	15	47	116	229	412	727	1318
functionality	6	19	54	161	419	896	1772	3045	4696	nomenclature	5	15	62	155	324	646	1251	2158	3586
epicenter	0	0	1	1	5	20	91	258	707	keyboard	10	25	50	96	201	384	720	1403	2499
finalist	0	1	3	6	13	30	82	174	370	fixture	0	0	0	0	1	21	83	232	617
dopamine	25	64	147	321	600	961	1424	2029	2856	rancher	13	31	45	71	162	306	562	1073	1913
encryption	0	1	5	27	78	193	443	955	1915	renovation	0	5	15	41	81	184	426	952	1863
practicum	1	2	8	21	48	82	219	456	1042	curvature	174	339	619	1016	1517	2271	3255	4572	5000
e-commerce	4	13	35	80	151	320	607	1110	1931	forefront	0	0	2	2	4	11	31	112	284
high-resolution	25	52	97	175	323	589	1009	1714	2786	implementation	153	291	527	841	1259	1939	2799	3881	5000
test-retest	0	0	0	0	1	23	119	364	1025	compilation	7	14	41	105	252	474	977	1830	3182
subtest	0	0	0	13	50	153	437	1053	2181	activist	10	21	56	124	283	521	900	1507	2397
connector	3	21	61	126	261	466	822	1371	2254	pageantry	5	7	10	22	46	90	196	441	912
meta-analysis	0	0	2	15	50	119	341	765	1476	ornamentation	25	57	103	183	360	682	1209	2148	3547
lasagna	224	300	409	521	673	956	1452	2285	3773	supplier	13	32	75	169	348	686	1268	2153	3388
lambda	0	0	1	1	7	29	62	121	294	variant	0	1	5	18	68	220	636	1524	2990
pixel	7	26	51	114	207	384	705	1245	2081	modem	0	4	21	74	236	556	1124	2053	3428
blogger	4	5	13	22	60	127	297	641	1238	shingle	1	2	10	34	105	294	675	1405	2479
hyperactivity	2	13	54	105	243	432	671	1055	1764	receptionist	13	28	50	97	227	478	933	1720	2937
categorization	22	75	222	477	899	1498	2399	3568	5000	anti-semitism	36	78	147	265	463	811	1419	2338	3688
neuroscience	32	50	68	99	171	277	441	728	1235	infiltration	10	26	64	134	262	594	1183	2237	3815
karaoke	0	1	12	32	77	200	413	906	1817	pastry	194	281	418	552	760	999	1369	1989	3039
steelhead	14	18	37	53	97	145	255	480	972	boyfriend	20	54	150	324	765	1449	2393	3700	5000
veggie	57	114	205	318	454	662	972	1546	2598	nylon	59	122	220	402	652	1098	1856	2958	4419
connectivity	1	4	17	49	155	357	826	1651	2925	juxtaposition	2	6	9	64	181	435	948	1778	3011
free-agent	0	2	4	16	33	65	94	162	307	mainstream	0	2	10	22	66	156	393	823	1518
teacher-librarian	0	1	1	4	11	40	86	216	498	self-determination	33	67	130	268	537	976	1639	2557	3696
camcorder	2	7	28	52	115	223	414	820	1512	medication	161	276	457	680	989	1363	1924	2717	3967
self-worth	2	8	13	35	91	214	499	1004	1845	householder	3	5	14	26	46	74	152	276	551
deconstruction	6	20	75	186	396	731	1391	2342	3561	sophistication	8	21	62	170	376	788	1540	2492	3822
derailleur	1	5	12	33	87	195	419	867	1706	portrayal	6	10	25	50	127	270	586	1142	2015
microprocessor	4	17	53	118	257	482	847	1488	2576	configuration	19	90	293	624	1242	2019	3087	4388	5000
tinnitus	6	23	71	152	281	477	728	1112	1756	sawmill	11	22	45	87	180	343	711	1377	2360
jalapeno	318	426	571	788	1051	1498	2251	3439	5000	striker	0	0	0	6	27	75	234	619	1479
firestorm	1	2	4	8	18	43	115	277	643	girlfriend	27	55	145	318	709	1399	2467	3901	5000
marginalization	91	234	461	866	1412	2226	3265	4531	5000	attractiveness	5	13	30	88	190	432	843	1497	2555
chemo	1	5	21	63	153	310	544	890	1726	heyday	0	0	0	2	4	13	58	200	547
countertop	66	123	255	487	842	1411	2203	3408	4871	distributor	10	18	34	71	167	340	647	1161	2061
aquifer	7	18	34	65	122	221	392	763	1451	tactic	3	5	10	32	70	191	445	973	1925
workstation	1	4	13	33	82	222	454	895	1668	electrician	11	18	36	67	136	264	529	1027	1819
no-fly	2	6	15	30	70	138	323	648	1177	banjo	55	80	125	177	265	473	847	1665	3091
discriminant	0	0	4	19	67	250	629	1431	2805	perturbation	18	31	52	97	167	291	503	859	1482
upfront	0	0	15	55	117	256	524	1014	1883	cuisine	4	6	11	20	53	127	306	661	1328
detainee	0	0	4	7	29	97	259	584	1199	falsity	39	104	227	435	812	1360	2117	3086	4383
lymphoma	82	146	240	374	536	765	1069	1448	1947	paperback	13	21	33	63	107	210	384	682	1222
superhero	1	1	2	18	74	183	507	1153	2267	backdrop	2	2	4	10	23	53	143	366	898
low-sodium	208	341	538	790	1160	1644	2494	3829	5000	classmate	10	20	33	70	146	286	522	914	1442
hypothermia	6	11	42	122	228	400	663	1043	1743	amalgamation	3	6	21	95	264	641	1376	2441	3891
synergy	0	0	0	6	14	60	236	753	1723	racism	51	89	156	281	509	846	1399	2174	3388
no-brainer	0	0	0	0	3	17	43	143	536	trademark	0	1	1	1	3	21	82	296	814
airfare	1	2	4	9	12	28	60	162	376	folklore	5	8	14	32	81	177	404	820	1637
forensics	1	2	2	5	11	38	96	268	647	relativity	211	340	581	855	1290	2028	2996	4292	5000
subtext	1	5	18	101	305	696	1473	2577	4162	bowler	13	40	79	156	302	569	1090	2023	3625
kayaking	5	8	15	25	54	84	188	404	835	credence	0	0	1	2	7	11	24	71	206
apnea	111	201	325	463	625	842	1140	1555	2250	pout	3	9	19	49	93	219	532	1155	2293
coworker	0	0	4	10	18	57	200	572	1393	closure	1	10	41	135	402	961	1856	3176	4810
largemouth	17	26	41	60	88	161	286	559	1167	deployment	64	119	209	348	599	975	1627	2530	3815
politicization	30	83	206	435	869	1584	2539	3755	5000	anti-aircraft	65	105	164	254	398	625	964	1560	2521
gamma-ray	24	42	91	153	249	433	711	1242	2128	parasite	11	35	73	147	339	675	1109	1786	2869
stressor	0	0	0	5	32	116	338	837	1618	primate	1	2	2	5	19	46	119	311	752
tomography	0	5	19	79	214	495	982	1701	2670	developer	2	11	28	65	144	299	601	1132	1964
pager	4	12	19	30	67	122	242	493	974	sans	219	355	482	686	926	1178	1441	1740	2076
oncology	32	38	63	100	161	251	410	641	1045	populist	19	48	83	144	243	392	634	1011	1614
motivator	0	0	0	3	10	31	86	288	747	trillion	32	54	91	163	268	465	835	1418	2388
generalizability	0	0	6	31	120	357	817	1664	3018	conscientiousness	87	165	300	507	823	1298	2022	2997	4218
stakeholder	0	1	11	53	165	422	879	1518	2525	percussion	3	9	22	43	103	244	512	1019	2021
co-chair	10	18	31	59	118	186	312	519	902	virtuoso	49	101	203	331	553	916	1470	2338	3663
firewall	0	0	0	0	0	8	20	106	331	increment	54	157	342	737	1366	2276	3548	5000	5000
snowboard	1	1	1	3	7	21	46	107	289	stereotype	1	1	1	2	6	16	65	269	759
drywall	25	67	119	243	433	764	1302	2147	3393	soccer	30	45	69	112	165	241	358	579	943
downtime	0	0	0	4	22	84	290	810	1811	gradation	1	10	46	159	406	928	1741	2865	4344
affordability	1	7	19	43	144	331	658	1217	2047	predilection	7	8	13	16	21	42	118	352	921
cappuccino	31	60	109	197	339	556	912	1459	2562	allegation	21	34	68	122	251	496	935	1636	2719
renewables	1	9	32	97	209	478	853	1415	2383	connivance	5	7	13	40	79	179	368	706	1323
reinvention	0	0	2	11	48	194	521	1175	2242	battleground	0	1	1	5	30	85	251	652	1500
childcare	4	9	18	36	69	128	274	568	1066	obituary	4	8	19	46	83	159	300	561	1052
texting	0	0	0	0	0	5	23	92	351	primacy	35	92	221	464	893	1507	2298	3349	4703
ultralight	0	0	12	38	106	266	560	1118	2045	limelight	1	1	1	2	2	12	40	157	453
moniker	4	5	9	9	9	16	40	105	415	format	2	13	36	89	215	461	998	1905	3310
pulsar	18	38	80	136	240	418	698	1204	2085	cello	81	121	160	209	292	424	670	1347	2709
antidepressant	31	62	122	236	387	614	918	1369	2159	impersonation	8	19	63	154	347	662	1215	2053	3311
fine-tuning	0	0	10	53	189	490	1076	2035	3495	consortium	8	28	105	256	509	930	1531	2538	3849
wild-card	12	20	36	54	86	145	228	344	571	hometown	0	0	0	6	25	101	285	661	1471
t-test	0	0	1	1	8	42	176	533	1320	genre	11	23	56	119	262	514	997	1880	3262
latte	9	18	39	88	191	365	688	1317	2480	opus	17	31	82	202	451	897	1545	2519	3793
salience	21	74	198	437	862	1510	2371	3485	4963	artistry	23	48	112	249	465	860	1511	2482	3903
antivirus	0	0	0	4	8	30	101	319	796	thriller	19	33	63	111	203	375	656	1073	1830
drivetrain	1	7	22	41	73	151	302	650	1285	orphanage	1	3	4	11	17	28	60	153	394
quadriceps	14	30	53	83	135	241	417	700	1226	arthritis	273	373	485	624	786	983	1286	1739	2483
genomics	2	10	17	36	61	105	214	456	997	antenna	98	175	278	476	755	1221	1900	2927	4330
chairperson	5	7	16	33	63	129	254	442	779	convocation	4	7	19	47	95	203	411	781	1407
shallot	275	395	579	829	1226	1873	2964	4701	5000	lineup	3	15	34	71	132	202	363	668	1240
biodiesel	7	15	31	85	194	395	754	1243	2028	facsimile	0	1	14	33	74	152	298	570	1075
self-assessment	1	9	32	71	184	443	966	1916	3264	stratification	189	435	846	1431	2196	3230	4436	5000	5000
radiotherapy	18	63	142	271	455	732	1162	1846	2926	aide-de-camp	27	35	53	102	170	316	629	1059	1673
singer-songwriter	15	26	54	102	207	398	747	1392	2553	lieutenant-colonel	27	37	51	78	118	217	368	647	1116
supermodel	0	2	5	13	32	76	186	415	950	rendition	0	3	9	28	62	121	223	387	639
malware	0	0	0	0	5	18	79	241	658	surname	6	7	8	14	54	142	340	837	1888
oncologist	22	32	58	98	151	263	437	714	1166	phosphate	483	688	926	1232	1689	2313	3133	4251	5000
bioethics	14	29	49	97	195	381	685	1239	2164	clarinet	126	177	226	327	448	667	1049	1857	3462
melatonin	26	71	156	350	625	973	1454	2156	3075	hepatitis	355	455	596	785	1046	1401	1918	2752	4017
add-on	0	2	11	51	140	348	705	1388	2466	archery	7	12	19	31	66	103	155	277	539
skateboard	8	11	23	56	160	411	912	1729	3060	interplay	97	231	480	827	1351	2121	3132	4452	5000
triathlon	1	6	10	22	43	76	124	233	466	pittance	2	3	5	12	22	42	95	188	410
chalkboard	2	3	10	36	83	203	504	1055	2006	instigation	2	2	3	5	9	32	113	398	977
playbook	0	0	0	0	1	3	21	106	325	obloquy	17	23	42	78	170	338	630	1134	1933
biota	14	39	108	277	588	1088	1795	2781	4003	femme	648	883	1131	1416	1682	2018	2508	3288	4390
sobre	1060	1235	1455	1659	1873	2184	2565	3152	4020	sniper	19	29	62	123	233	481	884	1655	2909
telemarketing	1	2	10	20	70	171	368	717	1347	individualist	27	73	177	371	681	1172	1990	3064	4489
deep-sky	0	0	1	4	15	36	75	187	445	flatness	5	14	29	79	224	462	957	1762	3032
lube	0	0	8	25	93	265	584	1272	2349	spa	0	0	0	1	5	22	61	201	593
metadata	0	0	0	0	12	33	124	343	855	plenitude	8	26	70	191	414	791	1387	2189	3363
baguette	218	333	500	739	1132	1840	2976	4721	5000	leprosy	74	120	191	289	383	539	792	1119	1770
pro-democracy	11	19	39	77	146	262	450	739	1253	mountainside	84	147	249	438	748	1184	1819	2779	4050
keyword	0	0	0	0	0	3	6	34	111	ecology	16	38	77	175	391	799	1493	2540	4112
hydration	0	0	5	24	99	285	689	1418	2592	heartbreak	1	2	7	12	17	45	132	338	860
creationism	1	1	9	24	57	119	290	622	1181	alternation	0	8	32	113	340	782	1495	2602	4033
otitis	142	239	364	557	809	1125	1566	2202	3201	papyrus	2	7	17	51	154	379	833	1583	2751
tamoxifen	94	175	316	524	771	1074	1516	2142	3194	deathbed	1	1	1	5	14	59	172	392	864
nano	0	0	0	3	8	49	166	485	1123	saber	75	124	198	308	501	855	1362	2129	3210
cortisol	131	249	449	721	1077	1556	2168	3039	4298	bedrock	3	10	28	58	107	224	487	1078	2200
ibuprofen	92	170	304	501	762	1137	1658	2434	3655	genealogy	1	4	5	15	44	97	260	542	1166
self-evaluation	0	1	5	19	78	220	599	1314	2459	miscalculation	4	15	36	97	217	493	1094	2063	3501
bulimia	4	13	43	109	199	324	489	763	1189	petrol	8	14	24	62	148	360	721	1475	2644
transducer	164	266	412	674	1019	1514	2257	3250	4664	harmonica	57	96	160	255	434	863	1693	3057	4906
pedophile	0	3	15	38	81	166	433	953	1844	blueprint	2	4	14	32	76	214	482	1018	1932
blogging	0	0	0	0	2	14	51	177	534	conduit	1	8	32	100	222	481	946	1806	3196
subsystem	18	61	170	409	802	1397	2200	3250	4445	adherent	1	2	3	5	16	46	103	240	575
reauthorization	3	4	19	43	75	137	235	396	697	internationalism	151	253	436	721	1149	1787	2615	3685	4991
e-book	0	1	4	9	16	34	69	149	329	rugby	4	6	20	46	99	187	338	608	1056
joystick	17	38	111	211	432	731	1184	1921	2935	warship	62	96	137	221	333	484	728	1094	1691
postmodernist	50	128	243	458	852	1412	2170	3213	4552	equalization	42	110	245	507	914	1547	2415	3502	4939
eyeliner	4	17	63	157	335	609	976	1681	2914	etymology	49	120	256	478	822	1384	2213	3358	4954
ecclesiology	39	105	240	431	784	1307	2087	3076	4421	protagonist	6	32	94	232	496	945	1719	2870	4494
cell-phone	1	2	2	10	14	34	73	157	341	old-timer	2	6	30	90	250	598	1291	2379	3800
timeout	0	0	2	7	20	51	102	194	406	penguin	0	0	0	2	8	42	132	368	931
clubhead	2	7	28	66	195	509	1070	2096	3707	summation	1	5	16	43	140	393	945	1903	3364
covariate	2	6	35	119	355	820	1521	2533	4004	trombone	41	67	106	156	233	359	624	1162	2212
seafloor	32	78	155	328	634	1166	1953	3087	4582	interment	2	3	6	12	21	44	81	201	464
antibacterial	34	102	234	397	625	938	1404	2041	2886	schizophrenia	382	556	819	1238	1891	2758	3973	5000	5000
tradeoff	2	5	33	108	339	781	1458	2538	4050	boomerang	0	0	0	0	1	19	94	352	1102
overfishing	4	6	20	52	134	297	602	1192	2145	nonfiction	3	6	17	48	85	181	336	639	1224
osteoarthritis	136	222	341	477	668	904	1245	1802	2634	documentation	5	10	28	92	239	628	1342	2552	4209
spyware	0	0	0	0	4	25	102	322	870	anemia	605	782	1010	1278	1643	2136	2880	4012	5000
miso	354	517	728	1014	1403	1931	2721	3910	5000	glut	1	2	6	12	28	80	199	426	965
personhood	111	256	499	848	1354	2044	2943	4081	5000	footprint	1	4	11	37	127	327	803	1727	3158
covariance	1	2	9	43	153	429	975	1919	3438	stewardship	0	0	0	9	52	201	607	1324	2586
burrito	26	71	132	229	369	585	958	1723	3077	provider	1	3	7	14	28	69	216	559	1371
anti-terrorism	25	46	99	190	340	589	969	1482	2276	commemoration	6	8	10	12	25	40	88	200	397
glam	2	3	19	74	181	444	1028	2119	3958	canto	9	17	31	55	99	202	376	775	1517
next-generation	24	41	85	156	280	514	815	1296	2046	liberalization	94	206	399	656	1063	1611	2290	3180	4438
clubface	0	4	10	33	73	198	446	976	1967	hallmark	0	2	7	21	76	272	706	1530	2776
bioterrorism	0	0	1	13	45	133	351	741	1402	containment	7	31	79	189	418	892	1662	2890	4497
cookware	9	21	52	135	300	603	1092	1912	3094	excerpt	2	4	12	26	70	172	388	790	1556
outage	0	2	4	13	32	96	261	582	1248	xxxvi	18	21	23	37	66	115	211	412	852
bycatch	1	1	8	14	39	82	192	464	1102	misnomer	1	1	5	21	63	177	528	1248	2598
redshirt	4	9	16	31	62	118	219	459	1035	camphor	96	195	334	559	935	1437	2069	2960	4186
guacamole	308	432	566	699	942	1359	2084	3399	5000	chromium	222	366	579	889	1389	2037	2918	4090	5000
bottom-up	12	59	155	346	727	1287	2093	3170	4538	follow-up	5	16	44	116	262	552	1053	1846	3067
oxymoron	4	9	30	93	245	587	1230	2288	3768	line-up	1	1	2	12	51	147	451	1067	2215
near-death	0	0	4	9	23	99	270	655	1440	highlight	2	2	9	27	78	189	467	1040	2034
cellulite	0	0	2	8	22	76	215	581	1332	genetics	108	154	232	351	630	1069	1759	2799	4208
ex-boyfriend	10	20	54	109	256	542	1088	2043	3390	half-brother	47	71	113	199	346	610	968	1584	2507
ecotourism	1	1	10	25	80	184	439	940	1813	eye-witness	1	1	2	4	13	35	112	341	832
cost-effectiveness	15	44	130	329	681	1228	1987	2951	4215	telecommunications	127	247	421	734	1180	1770	2585	3696	5000
weightlifting	0	1	7	12	19	48	85	166	303	historiography	317	515	864	1360	1976	2830	3956	5000	5000
stem-cell	0	0	0	0	2	24	94	314	800	agnostic	83	143	258	394	619	1039	1659	2583	3806
speech-language	0	3	10	36	78	179	415	852	1577	principalities	0	5	13	33	63	128	275	561	1160
quinoa	504	686	882	1195	1676	2405	3477	5000	5000	sprawl	0	0	0	2	27	80	219	640	1478
keypad	25	41	92	181	345	617	1094	1847	3004	xxxix	18	19	23	31	51	79	128	271	574
self-care	4	9	36	109	249	518	1025	1822	2995	paradigm	285	542	983	1646	2560	3731	5000	5000	5000
folate	17	34	62	147	303	538	888	1350	1992	bowel	319	494	724	1006	1345	1758	2295	3052	4167
narratology	26	63	132	249	449	828	1424	2390	3885	luminosity	87	184	361	689	1164	1961	3026	4417	5000
rollover	1	1	1	12	37	112	349	772	1545	silicon	482	707	1035	1450	2053	2859	3841	5000	5000
throughput	13	44	130	310	629	1090	1762	2658	3835	workhouse	6	8	17	27	46	65	122	240	503
ex-girlfriend	9	28	56	140	332	721	1491	2565	4043	redevelopment	44	89	166	325	558	890	1404	2193	3325
gangsta	2	4	13	24	58	167	474	1051	2163	passer	0	2	13	79	231	411	636	1027	1591
phyllo	181	320	533	831	1287	2014	3107	4540	5000	airlift	71	116	200	358	584	955	1576	2507	3811
homecare	3	9	19	38	73	177	344	667	1235	butternut	20	51	139	318	594	1115	1917	2994	4523
telecommuting	0	1	5	28	79	208	465	925	1602	cross-section	1	7	29	82	233	535	1067	2046	3486
metastasis	72	158	290	473	736	984	1328	1828	2612	combatant	1	3	13	23	66	148	350	794	1627
liposuction	0	2	6	22	49	108	210	443	878	expatriate	4	22	60	123	230	459	858	1543	2548
hardcopy	0	0	0	4	18	47	143	422	1202	attacker	3	9	22	50	154	362	793	1485	2767
bungee	4	12	43	112	315	754	1570	2752	4287	advisor	6	8	19	36	107	249	490	918	1587
partial-birth	15	27	55	110	217	417	774	1411	2459	sight-seeing	1	3	14	33	67	154	305	653	1334
techno	9	19	32	60	107	225	423	841	1596	trainee	4	15	44	102	262	596	1211	2163	3614
fast-forward	0	0	1	1	3	18	60	185	479	fingerprint	6	10	24	76	157	376	796	1602	2891
jihadist	3	5	8	30	83	173	355	706	1394	offshoot	1	4	7	34	98	267	665	1431	2676
underachievement	1	2	13	23	80	215	524	1159	2177	air-conditioning	18	41	84	157	272	516	909	1581	2655
conferencing	0	1	7	23	60	150	357	704	1354	anachronism	2	6	16	63	189	462	1062	1981	3394
detox	0	0	1	4	10	31	78	177	435	demo	11	28	58	104	211	447	837	1544	2704
collider	3	5	21	40	94	200	459	881	1625	break-up	7	16	32	70	172	384	735	1361	2431
shoulder-width	1	11	47	156	351	728	1391	2517	4239	inflexibility	30	75	203	499	978	1694	2643	3916	5000
biofeedback	8	25	58	130	271	515	879	1430	2265	simulation	3	6	17	56	216	603	1298	2508	4119
chainsaw	2	5	15	38	118	300	749	1569	2926	heroics	3	10	21	43	118	321	722	1479	2736
worksheet	1	4	8	17	55	130	330	681	1411	shutdown	14	22	53	104	201	401	796	1462	2489
acetaminophen	137	254	420	667	989	1350	1789	2511	3673	reunification	25	54	104	189	361	645	1072	1749	2752
grunge	0	1	3	9	25	81	218	545	1346	theorem	169	327	585	958	1565	2452	3596	5000	5000
recyclables	0	1	2	17	69	189	457	940	1858	seamanship	2	4	7	11	28	66	129	299	578
colonoscopy	4	11	27	65	160	320	601	1073	1800	cartoonist	13	32	58	129	224	414	669	1119	1777
shiitake	307	480	732	1091	1575	2291	3189	4662	5000	redness	77	150	280	537	978	1712	2855	4315	5000
halogen	57	121	233	475	840	1466	2415	3716	5000	runoff	4	8	19	45	109	263	671	1434	2786
otolaryngology	10	16	34	57	91	178	311	548	945	counterattack	18	33	65	136	264	487	874	1514	2570
concealer	2	5	10	28	82	201	493	1114	2244	amplifier	164	261	380	576	873	1373	2220	3452	5000
preschooler	1	3	3	7	22	71	179	501	1270	confluence	3	11	20	31	59	150	293	531	983
co-anchor	0	0	1	1	1	3	10	65	183	lateness	2	4	6	12	29	79	184	411	863
open-source	0	0	0	10	32	81	219	610	1354	inaccuracy	29	68	131	303	580	1036	1801	2948	4407
redshift	37	77	145	250	434	763	1277	2125	3295	breakup	1	6	14	36	91	257	611	1296	2419
futon	74	137	249	472	859	1494	2346	3573	5000	yoga	2	2	4	13	35	96	214	521	1159
phytoplankton	60	190	440	783	1166	1733	2399	3312	4499	circumcision	3	10	25	46	121	236	530	1099	2285
byte	0	0	4	15	48	112	308	677	1368	soy	257	375	534	728	1083	1687	2566	3628	4937
pancetta	432	596	812	1155	1745	2699	4224	5000	5000	weekday	1	5	12	35	76	171	338	744	1479
same-gender	0	1	5	19	38	88	217	585	1262	half-sister	52	78	130	208	346	596	996	1707	2804
winemaker	0	0	2	5	21	85	241	563	1330	exactitude	29	62	134	249	516	1009	1689	2768	4125
seatpost	0	1	11	33	88	195	496	1093	2248	gunnery	3	6	10	36	94	186	326	668	1237
single-payer	0	1	7	18	63	128	284	579	1064	frontiersman	3	4	9	19	46	97	206	442	945
breast-cancer	3	7	21	61	142	288	483	725	1161	malnutrition	238	354	481	653	880	1191	1674	2431	3515
kinesiology	14	29	52	83	124	188	320	530	928	pharmacist	3	8	30	58	144	320	660	1215	2188
pre-test	0	0	0	6	25	104	336	782	1705	jawbone	1	4	13	33	76	215	484	1044	2082
infomercial	0	1	3	17	30	58	137	296	688	outfielder	109	163	218	294	416	599	913	1406	2230
curveball	0	1	2	12	32	76	172	435	1016	freshwater	206	331	536	837	1252	1946	2852	4107	5000
low-carb	2	5	8	38	93	197	369	670	1153	hydroxide	1561	2035	2585	3305	4249	5000	5000	5000	5000
self-talk	0	0	0	17	83	262	741	1565	2893	monogram	23	55	118	266	498	848	1387	2238	3560
lightbulb	3	7	14	46	116	286	716	1478	2829	pedagogue	0	1	2	7	18	61	175	452	1038
midfielder	2	8	27	50	87	166	281	516	1026	avant-garde	29	66	141	295	579	1011	1655	2727	4204
copycat	0	0	0	3	24	70	227	608	1377	vizier	6	12	34	77	146	250	450	832	1468
interrater	0	2	11	36	108	291	743	1634	3146	panegyric	7	15	32	70	132	273	571	1106	2046
signage	0	1	2	6	26	83	247	597	1262	prefix	18	28	45	73	122	227	461	982	2065
collegiality	9	18	53	144	348	768	1496	2568	4006	broadcaster	3	9	28	61	148	345	780	1690	3091
hummus	409	525	681	867	1153	1655	2522	3869	5000	homme	1015	1219	1442	1637	1888	2240	2725	3375	4375
bed-and-breakfast	10	21	43	86	178	350	670	1275	2444	self-destruction	11	37	85	205	515	992	1776	2945	4464
celeb	0	0	1	6	22	82	220	621	1422	locus	1	5	30	129	372	877	1733	2962	4803
desertification	5	13	28	64	163	411	907	1807	3079	responsiveness	85	221	488	969	1706	2709	3960	5000	5000
smartphone	1	4	15	39	77	185	401	883	1718	realisation	32	82	210	482	905	1572	2467	3649	5000
tempeh	374	484	640	850	1198	1631	2312	3373	5000	feces	521	847	1257	1729	2285	3025	3987	5000	5000
bulgur	101	188	274	392	562	761	1137	1777	2941	kiosk	9	34	101	215	534	1085	1900	3154	4902
self-perception	1	6	17	86	267	608	1278	2305	3685	misinformation	4	11	22	57	173	416	925	1832	3291
menorah	1	1	4	21	73	196	466	1006	2088	compiler	30	69	155	276	483	825	1406	2325	3703
yellowfin	24	42	62	103	190	359	723	1342	2338	collation	0	1	1	2	10	27	67	183	457
exceptionalism	31	95	210	420	777	1410	2247	3394	4850	psychoanalyst	52	103	195	321	570	1020	1766	2913	4633
mimesis	154	354	672	1145	1789	2718	3871	5000	5000	resale	130	267	417	684	1053	1576	2265	3323	4712
fossa	151	238	359	518	725	1010	1474	2294	3598	fluke	0	0	0	3	15	48	176	542	1252
neuroscientist	25	36	60	104	142	228	392	634	1145	impoverishment	113	235	470	901	1549	2463	3659	5000	5000
marinara	511	658	873	1165	1650	2440	3784	5000	5000	prognosis	31	91	203	377	632	1112	1815	2983	4593
hijab	0	1	2	9	27	87	222	481	1148	voodoo	0	0	1	6	19	56	184	464	1195
goalkeeper	1	4	23	49	93	171	286	563	1223	methodology	618	999	1517	2218	3144	4279	5000	5000	5000
weeknight	1	3	6	15	35	70	167	366	722	inhalation	63	152	328	604	935	1367	1914	2631	3698
wormhole	3	6	27	95	276	666	1405	2644	4385	monsoon	13	33	53	101	185	339	623	1156	2114
feedstock	80	201	369	655	1096	1613	2356	3377	4724	airliner	40	57	104	156	244	365	617	994	1692
longline	1	8	23	69	180	406	841	1629	2834	chimera	4	15	50	151	377	779	1494	2535	3898
single-sex	1	3	10	25	55	105	217	495	1049	prophetess	21	52	120	224	433	818	1438	2339	3739
uptick	6	13	18	27	50	106	221	498	1033	rabies	201	309	422	573	736	973	1301	1878	2852
paralegal	4	10	24	57	134	287	547	1032	1831	airstrip	13	37	104	235	465	829	1392	2200	3370
factorial	0	2	7	59	201	525	1083	1946	3282	wrestler	17	36	61	105	194	354	663	1206	2092
headlamp	8	26	86	283	666	1314	2211	3434	4945	trilogy	24	48	111	192	349	616	1072	1797	2974
aromatherapy	4	14	34	70	155	322	702	1352	2579	intermarriage	12	29	62	157	332	698	1356	2416	3863
nonattainment	1	4	25	87	266	665	1393	2550	3956	archaeologist	25	40	63	94	157	287	522	939	1574
lycopene	156	293	489	731	1028	1450	1996	2703	3831	rainstorm	34	52	80	142	297	658	1236	2097	3399
off-the-shelf	11	33	95	204	406	764	1322	2112	3276	collaborator	33	106	221	420	759	1255	2065	3187	4802
focuser	49	116	192	333	569	975	1593	2554	4062	cleric	7	15	29	72	166	340	688	1382	2444
subsample	0	0	11	50	126	350	862	1705	3069	teenager	4	11	25	51	116	243	549	1141	2076
focalization	22	82	214	427	806	1462	2505	4117	5000	fornication	39	58	99	169	306	544	1023	1891	3198
ethicist	7	23	34	70	141	247	475	832	1433	footage	2	3	9	14	26	65	125	258	575
defibrillator	3	4	18	43	97	239	484	875	1585	encyclopaedia	26	54	105	201	366	649	1139	1903	3111
droid	0	0	7	17	28	97	231	592	1343	slur	1	1	2	9	23	65	175	444	1015
homeownership	0	7	20	59	168	359	723	1308	2144	improvisation	1	8	28	74	167	392	884	1832	3197
neoliberalism	54	114	226	439	785	1289	2002	2994	4317	impressionist	23	54	100	194	373	665	1207	2184	3630
decaf	93	169	280	424	643	1001	1693	2748	4271	vita	1538	1686	1936	2195	2526	3025	3757	4789	5000
germplasm	0	3	7	35	106	263	557	1149	2113	footwear	22	44	76	145	273	450	822	1455	2537
night-vision	7	15	30	62	134	260	475	892	1617	menstruation	407	617	899	1259	1758	2405	3288	4492	5000
roadmap	1	3	10	32	103	228	497	922	1639	coolie	0	0	5	7	26	61	180	430	907
returner	26	42	69	89	134	201	299	457	869	playoff	78	110	151	198	256	331	437	619	939
podcast	1	1	3	13	28	69	159	346	736	octave	0	2	10	25	46	89	142	285	510
rulemaking	23	58	123	249	433	732	1224	1956	3012	torchlight	0	1	2	9	32	119	267	634	1306
customization	2	2	8	29	88	216	476	1084	1977	expropriation	41	103	242	525	999	1638	2518	3657	5000
vez	1372	1574	1805	2081	2465	2927	3674	4739	5000	pp	196	420	741	1196	1820	2567	3526	4727	5000
storyline	1	2	6	9	36	103	249	599	1349	monarchist	30	77	141	252	459	767	1312	2193	3509
primary-care	5	19	31	52	105	209	424	858	1571	archdiocese	10	21	36	69	138	256	484	948	1722
chorizo	374	489	638	870	1200	1867	3058	4780	5000	guerilla	8	20	43	89	158	304	555	1046	1944
seatbelt	49	125	264	520	940	1546	2449	3693	5000	residency	17	30	63	141	285	579	1042	1857	3145
pedicure	2	4	12	30	84	207	498	1149	2359	lexicon	14	25	48	119	260	504	979	1695	2898
transboundary	0	0	4	13	51	194	501	1196	2270	principality	4	9	22	41	77	166	272	514	951
homocysteine	207	408	677	1009	1377	1939	2702	3674	5000	linguistics	356	563	859	1269	1868	2661	3721	5000	5000
thirtysomething	0	0	1	4	23	75	169	487	1105	instrumentation	46	117	259	512	952	1601	2610	4107	5000
mindfulness	0	2	21	71	226	550	1132	2073	3473	linebacker	78	119	172	221	322	503	792	1349	2210
peptide	343	577	835	1147	1497	1894	2423	3071	3879	remake	0	0	0	3	11	26	85	289	788
printmaking	11	19	45	89	153	267	494	949	1691	obstetrics	106	158	240	360	580	916	1434	2246	3581
consultancy	2	5	15	39	84	186	364	698	1253	geographer	49	87	149	245	401	692	1166	1921	3130
singletrack	7	28	70	149	312	550	988	1641	2847	submachine	66	87	139	218	381	681	1177	2027	3324
toolbar	0	0	1	1	9	39	144	466	1206	goalie	95	131	174	228	305	433	644	1057	1760
wasabi	489	674	932	1303	1819	2559	3761	5000	5000	tenet	27	63	149	295	599	1098	1840	2874	4267
small-cap	2	4	14	30	66	128	247	454	873	humankind	13	34	116	294	626	1146	1941	2998	4394
interconnectedness	114	261	476	809	1308	1950	2817	4006	5000	great-grandmother	17	31	60	113	192	402	791	1532	2675
e-books	0	1	6	19	42	93	202	476	1079	stutter	7	21	53	136	359	906	1757	3127	4906
midrange	0	4	10	49	141	311	611	1182	2131	statistic	0	1	3	16	50	210	613	1457	2925
hairstylist	1	1	3	13	46	124	322	746	1498	choreography	46	88	165	293	545	930	1537	2550	4148
rollout	0	0	2	8	42	125	323	681	1305	cohort	0	1	1	7	37	138	430	1098	2332
low-intensity	0	0	0	4	9	25	79	278	787	idealization	661	1108	1710	2473	3362	4462	5000	5000	5000
mixed-use	10	16	31	52	86	169	352	734	1450	firepower	38	65	106	210	412	765	1405	2473	4019
motherboard	7	21	54	145	317	580	994	1748	2984	mainspring	1	1	3	4	14	64	242	684	1609
search-and-rescue	4	6	15	28	75	170	343	693	1451	rough-and-tumble	0	1	7	21	55	134	371	837	1717
perfusion	231	459	768	1159	1634	2221	2949	3943	5000	poultice	53	136	249	485	828	1329	2134	3280	4934
takeaway	0	0	1	3	5	12	51	217	709	acoustics	9	18	50	125	266	573	1097	1944	3216
radicchio	294	428	621	844	1183	1743	2623	4137	5000	separatist	74	137	245	403	647	980	1490	2262	3435
wideout	21	29	53	83	120	175	268	437	783	locale	0	1	2	2	21	77	269	855	2007
contrarian	0	0	4	8	42	134	342	804	1618	westbound	80	140	230	356	558	871	1385	2226	3486
corporatist	48	125	247	502	929	1551	2410	3545	5000	morphology	437	780	1269	1940	2743	3777	5000	5000	5000
out-of-wedlock	6	16	39	82	151	314	613	1235	2221	primogeniture	20	51	110	234	515	963	1683	2676	4055
polypropylene	108	240	463	839	1400	2117	3075	4313	5000	spiritualist	6	18	42	97	199	403	784	1454	2489
interactivity	0	4	17	67	255	628	1260	2245	3658	interception	14	33	76	148	302	579	1197	2160	3601
sunblock	4	8	15	42	100	292	632	1267	2381	stardom	0	0	2	15	33	118	324	755	1628
low-dose	234	409	674	974	1298	1706	2255	3044	4087	pseudonym	3	11	38	115	269	516	977	1730	2913
ergonomics	0	4	17	51	150	354	757	1453	2445	socialite	76	137	213	346	556	825	1200	1743	2530
neurotransmitter	199	388	645	971	1438	2015	2779	3737	5000	misinterpretation	73	198	427	841	1513	2467	3651	5000	5000
lemongrass	645	909	1264	1755	2499	3642	5000	5000	5000	adulthood	25	49	108	272	588	1068	1837	2963	4309
monofilament	12	50	120	268	611	1158	1986	3351	4967	enhancement	70	174	401	817	1446	2375	3573	5000	5000
camo	96	179	299	465	761	1246	2104	3261	4851	coot	16	54	172	375	771	1455	2486	4024	5000
quartile	1	2	8	25	68	176	441	926	1792	utensil	97	232	490	891	1540	2515	3743	5000	5000
hyperinflation	11	33	63	129	249	463	867	1631	2783	compatibility	244	429	772	1270	1995	2999	4256	5000	5000
pretreatment	344	591	954	1383	1982	2733	3628	4784	5000	masturbation	92	179	367	677	1177	1937	2892	4357	5000
tendinitis	9	14	32	88	174	334	588	1012	1805	disturber	1	4	5	13	37	87	193	463	1044
desde	1374	1564	1787	2042	2372	2808	3402	4328	5000	suffix	67	146	324	686	1256	2141	3390	4950	5000
roadie	1	2	21	109	377	986	2053	3614	5000	dervish	0	2	5	30	75	234	583	1280	2441
varimax	0	2	14	93	271	624	1331	2472	4238	mandolin	111	172	259	376	601	1088	1917	3321	5000
multilateralism	22	56	114	260	505	899	1589	2514	3684	acknowledgement	3	4	9	24	40	89	246	590	1309
biofuel	23	59	121	258	541	999	1635	2512	3713	sludge	30	75	184	410	826	1501	2537	3999	5000
webcam	1	6	13	32	59	131	252	507	1005	nadir	0	0	3	7	16	55	181	503	1284
contestation	6	22	97	301	704	1331	2299	3590	5000	pediatrician	90	152	265	441	767	1259	2011	3094	4609
seagrass	34	97	223	461	865	1389	2241	3425	5000	casserole	563	734	1015	1474	2181	3201	4569	5000	5000
right-click	0	1	1	1	4	14	52	178	581	excitation	917	1374	1925	2599	3424	4400	5000	5000	5000
drawdown	17	35	83	162	375	747	1363	2403	3842	jaundice	534	712	926	1206	1602	2085	2709	3588	4878
orienteering	0	0	2	11	21	37	72	138	301	shareholder	34	64	141	258	459	788	1398	2335	3577
aftermarket	9	44	114	259	464	812	1372	2183	3399	campaigner	5	13	30	71	146	282	547	948	1593
cultivar	23	65	165	293	442	691	1048	1645	2665	iteration	3	8	23	78	190	458	1042	1962	3253
tilapia	76	169	313	510	774	1213	1758	2552	3661	sealer	0	0	1	1	8	40	138	430	1133
skinhead	1	2	8	32	79	193	441	1022	2108	freelance	27	83	193	351	607	1002	1535	2359	3512
frontman	2	6	10	24	74	188	457	1060	2167	sprinter	99	143	231	344	491	776	1277	2073	3328
at-bat	31	44	76	113	190	302	581	1185	2367	micro	66	173	395	751	1397	2283	3484	4986	5000
bifida	70	160	259	360	541	801	1128	1693	2645	entre	1327	1542	1738	2013	2337	2764	3373	4309	5000
endometriosis	450	612	799	1038	1360	1842	2596	3705	5000	hypertension	904	1174	1471	1871	2452	3263	4350	5000	5000
fettuccine	486	637	807	1080	1542	2354	3735	5000	5000	ovulation	644	1002	1451	2002	2675	3573	4730	5000	5000
self-reflection	101	210	492	936	1561	2434	3554	4941	5000	competitiveness	135	307	598	1106	1818	2754	3899	5000	5000
allele	15	66	206	438	713	1108	1635	2296	3196	toxin	1221	1570	1986	2445	3050	3938	5000	5000	5000
hatchback	8	19	31	54	85	168	324	687	1519	backlash	8	39	91	179	343	598	1044	1758	2835
bodybuilding	0	0	1	4	16	36	88	209	511	accreditation	131	294	578	1000	1639	2528	3621	5000	5000
musics	0	0	4	18	43	145	398	929	1878	troll	7	35	89	257	617	1382	2684	4444	5000
soft-tissue	431	660	977	1360	1851	2418	3118	4065	5000	woodworking	57	94	166	338	589	973	1615	2607	4114
wiki	0	0	0	3	13	45	136	378	934	node	711	1070	1516	2041	2690	3557	4682	5000	5000
carpool	0	2	7	24	54	112	237	527	1107	activism	192	359	651	1139	1839	2838	4027	5000	5000
ulama	3	9	27	82	200	438	894	1664	2879	alla	1412	1616	1858	2178	2565	3156	3905	4881	5000
self-promotion	5	26	78	184	390	730	1370	2341	3724	photosynthesis	1416	1941	2590	3362	4267	5000	5000	5000	5000
winemaking	0	0	1	6	21	79	205	604	1533	strongman	66	107	177	296	505	892	1440	2297	3596
scallion	675	955	1406	2040	2932	4236	5000	5000	5000	polarity	699	1107	1666	2374	3200	4260	5000	5000	5000
understory	142	243	428	723	1107	1639	2453	3562	5000	maturation	987	1477	2116	2912	3869	4987	5000	5000	5000
whistle-blower	4	13	43	89	182	359	660	1248	2135	democratization	343	644	1082	1692	2490	3552	4749	5000	5000
lutein	140	304	517	827	1278	1808	2479	3426	4660	larch	218	325	477	672	1009	1455	2072	3016	4403
cross-strait	6	11	32	68	139	291	608	1064	1860	determinant	595	1012	1609	2378	3347	4527	5000	5000	5000
hypertext	0	0	11	39	104	272	602	1232	2245	follicle	905	1225	1622	2095	2731	3563	4603	5000	5000
remix	0	1	8	23	55	134	269	553	1140	logo	11	24	50	112	220	449	924	1807	3164
misperception	5	16	82	308	712	1449	2468	3880	5000	biochemistry	174	266	463	797	1330	2131	3136	4424	5000
fibromyalgia	200	302	414	559	727	990	1344	1865	2797	illustrator	56	104	204	359	591	918	1461	2142	3179
arrhythmia	355	485	653	878	1137	1548	2163	3156	4703	runner-up	105	157	219	301	460	713	1157	1867	2882
handover	5	14	32	83	166	329	613	1125	1955	sulfate	1400	1855	2366	3064	3889	5000	5000	5000	5000
nurturance	12	33	80	212	482	975	1699	2750	4175	thrombosis	582	767	1004	1304	1700	2294	3132	4405	5000
paraprofessional	1	8	21	54	111	244	514	1010	1866	professionalism	4	24	96	260	648	1326	2361	3825	5000
pop-culture	1	6	16	32	97	229	548	1120	2175	space-time	788	1188	1711	2375	3245	4306	5000	5000	5000
inbox	0	0	1	3	8	25	65	155	446	abacus	215	402	671	1069	1753	2815	4241	5000	5000
shareware	1	9	32	69	143	340	712	1361	2324	titanium	840	1105	1473	2015	2734	3678	4881	5000	5000
reboot	0	0	0	1	3	16	74	283	811	venue	4	8	11	36	108	279	650	1362	2539
workspace	6	14	53	122	261	573	1169	2287	3893	co-author	100	193	330	553	894	1389	2144	3113	4514
lithium-ion	34	93	192	376	696	1177	1885	2849	4217	five-story	98	158	272	455	756	1271	2075	3369	5000
fatwa	2	9	21	66	205	493	995	1820	3115	xlix	78	126	224	384	652	1161	1825	2719	3797
workfare	15	29	58	137	281	496	874	1499	2456	hangout	6	23	69	171	386	812	1548	2785	4567
dial-up	0	1	3	16	40	117	293	690	1469	corncob	61	149	358	719	1277	2037	3139	4620	5000
mascarpone	522	674	915	1274	1832	2765	4151	5000	5000	internship	72	154	271	524	917	1609	2654	4077	5000
voicemail	4	4	10	22	40	87	223	508	1161	innovator	80	140	264	494	893	1589	2677	4250	5000
bruschetta	301	397	513	651	882	1228	1925	3282	5000	bluegrass	16	40	98	209	420	842	1501	2537	4040
non-district	8	17	29	60	103	221	414	797	1673	interpolation	70	177	383	763	1374	2251	3402	4985	5000
windsurfing	2	6	10	18	29	46	92	189	381	recitative	119	184	294	411	622	952	1533	2544	4224
burqa	0	0	1	8	28	75	205	485	1116	acta	69	224	522	938	1492	2095	2892	3938	5000
light-rail	16	35	52	104	191	333	617	1172	2059	semantics	383	634	979	1472	2181	3170	4434	5000	5000
all-wheel	7	14	26	57	123	232	448	919	1916	glossary	35	85	155	287	514	962	1710	2943	4685
student-teacher	1	1	6	17	49	181	485	1014	1976	predestination	20	41	93	180	345	640	1071	1699	2573
adobo	365	525	755	1141	1736	2857	4539	5000	5000	rotor	347	593	974	1483	2220	3148	4340	5000	5000
chiasmus	24	73	187	477	977	1843	3077	4808	5000	handball	43	61	90	138	222	362	620	1155	2124
nachos	219	323	447	619	875	1391	2253	3606	5000	vinyl	207	421	755	1218	1889	2817	3960	5000	5000
endoscopy	85	180	320	538	845	1218	1718	2338	3189	logician	92	152	264	496	843	1427	2242	3430	4953
dataset	4	11	34	125	402	930	1833	3040	4654	vagina	676	956	1364	1912	2546	3453	4623	5000	5000
polymerase	91	230	435	738	1131	1636	2282	3100	4255	bishopric	20	41	82	132	214	389	651	1109	1965
three-person	0	0	1	2	9	54	193	482	1159	contravention	96	203	419	744	1247	2042	3021	4258	5000
high-efficiency	144	266	472	770	1182	1751	2480	3424	4684	disenchantment	2	9	56	165	399	871	1631	2840	4380
fossil-fuel	31	72	160	336	619	1084	1777	2753	4000	meningitis	570	708	903	1151	1474	1946	2670	3698	5000
telenovelas	1	2	3	7	23	54	142	389	948	parallelism	374	654	1024	1631	2368	3407	4677	5000	5000
beta-carotene	191	362	594	877	1286	1808	2499	3496	4934	secretaryship	38	54	94	189	375	682	1299	2170	3430
poststructuralist	76	143	246	475	800	1301	1977	2935	4170	contradistinction	1	3	25	99	309	720	1397	2453	3946
intercorrelations	3	17	72	260	632	1328	2398	4015	5000	re-establishment	42	114	281	544	947	1503	2336	3470	4751
large-cap	2	8	19	41	79	177	311	574	1063	solstice	14	24	49	95	188	400	793	1623	2927
usability	3	8	27	81	210	476	948	1814	2964	inversion	179	436	889	1541	2447	3501	4846	5000	5000
playlist	1	1	3	7	26	85	183	438	958	headset	116	246	485	910	1522	2447	3714	5000	5000
live-action	10	23	42	78	161	318	625	1141	2295	collarbone	92	155	287	539	917	1594	2525	3819	5000
comorbidity	76	165	306	503	810	1247	1996	3066	4510	calculator	2	6	14	36	105	258	543	1059	2104
blogosphere	0	0	0	10	27	89	246	605	1276	germination	322	588	975	1475	2140	2920	4025	5000	5000
jelly-roll	7	19	74	192	434	929	1884	3616	5000	depiction	56	133	346	731	1396	2326	3570	5000	5000
reconfiguration	58	171	365	728	1263	2141	3216	4607	5000	transplantation	130	302	640	1176	1959	3002	4396	5000	5000
prion	406	681	1031	1411	1826	2364	3060	4007	5000	hadn	26	63	142	294	524	934	1591	2670	4105
koi	0	2	4	22	72	197	487	1057	2132	ka	549	865	1141	1435	1799	2231	2850	3740	5000
geoengineering	0	0	13	46	165	489	1051	1962	3346	profitability	292	541	925	1481	2212	3170	4317	5000	5000
timeframe	3	10	46	163	421	916	1738	2918	4526	superstar	20	61	132	252	423	745	1187	1889	2980
frizz	1	2	6	18	58	196	497	1213	2575	karma	1	4	19	54	148	354	758	1546	2855
megawatt	2	3	9	13	31	55	133	309	668	fatness	7	14	46	140	362	788	1596	2764	4459
bioengineering	28	38	69	117	193	398	792	1524	2613	breast-pocket	156	256	412	629	977	1503	2218	3225	4630
synch	0	0	2	8	16	39	187	617	1559	acne	214	330	478	621	844	1158	1634	2280	3346
carjacking	8	17	28	45	86	145	278	554	1127	viability	329	690	1230	1985	3018	4240	5000	5000	5000
protease	303	509	749	1040	1404	1850	2533	3489	4866	echelon	1	8	22	70	167	427	923	1926	3479
pecorino	365	509	715	1011	1495	2363	3749	5000	5000	antigen	1504	1952	2580	3287	4178	5000	5000	5000	5000
snowpack	28	54	99	206	406	703	1278	2210	3601	estrogen	1403	1791	2272	2888	3623	4580	5000	5000	5000
jaw-dropping	1	1	1	1	3	15	53	201	591	legalization	162	313	591	1015	1590	2371	3388	4744	5000
off-trail	5	9	25	73	142	272	543	1004	1871	volleyball	81	126	188	282	419	638	1022	1752	3106
commodification	10	68	202	477	989	1685	2627	3900	5000	great-grandson	89	165	294	463	728	1151	1686	2485	3554
off-label	46	91	173	311	575	1061	1828	2941	4406	architrave	301	482	738	1182	1792	2621	3776	5000	5000
teriyaki	549	699	926	1239	1763	2662	4205	5000	5000	sucrose	1072	1500	2122	2862	3814	4994	5000	5000	5000
bridewealth	3	7	19	40	96	273	680	1487	2864	formaldehyde	1047	1377	1837	2385	3074	3987	5000	5000	5000
student-athlete	0	0	5	15	56	164	449	1077	2131	persuasiveness	78	156	320	579	1004	1697	2669	3987	5000
poblano	368	515	731	1077	1643	2567	3964	5000	5000	cooker	68	132	307	582	1075	1863	2940	4482	5000
bluefin	13	26	52	96	142	272	538	1020	1913	libido	168	408	819	1406	2241	3237	4478	5000	5000
gelato	141	226	357	545	804	1240	2054	3412	5000	lineman	22	51	81	134	226	383	654	1150	2032
hip-width	32	113	254	533	1029	1854	3173	5000	5000	ex-officio	32	66	132	237	413	740	1288	2124	3327
post-apartheid	2	30	90	235	501	947	1661	2685	4053	choreographer	137	205	349	563	904	1414	2159	3265	4909
speakerphone	21	33	50	77	122	199	363	729	1465	middleweight	102	154	238	330	504	810	1338	2295	3807
conjunto	1	11	29	66	179	381	771	1311	2031	cantata	86	162	254	433	690	1099	1805	2843	4413
headscarf	15	46	115	208	308	464	683	1086	1865	lacrosse	78	122	179	270	404	598	939	1582	2828
on-task	0	0	2	9	41	180	505	1226	2441	analogue	385	731	1197	1877	2858	4016	5000	5000	5000
energy-efficiency	87	204	369	609	972	1459	2210	3136	4318	internationalist	94	180	310	523	876	1484	2284	3452	5000
biopic	17	37	63	121	240	425	730	1244	2091	rower	1	3	5	21	80	247	636	1422	2887
essentialist	151	297	540	854	1399	2100	2994	4164	5000	condominium	10	25	68	145	295	600	1096	1880	3024
sleepover	4	4	23	64	152	409	902	1845	3176	prefecture	5	10	33	69	136	286	623	1165	2032
chairlift	3	11	30	89	238	575	1123	2021	3451	compressor	372	589	936	1385	2049	2985	4289	5000	5000
self-attention	15	49	164	458	946	1749	2832	4219	5000	parallelogram	395	648	1006	1488	2175	3116	4435	5000	5000
intertextuality	148	311	595	1033	1641	2499	3797	5000	5000	fundamentalism	201	316	517	825	1260	1858	2749	3938	5000
emirate	9	21	64	128	230	440	840	1501	2519	quintet	132	216	358	538	836	1379	2270	3689	5000
avoidant	0	1	7	27	80	271	697	1555	2901	ringside	1	2	5	14	57	189	505	1212	2484
miscommunication	1	2	9	21	65	176	467	1081	2189	self-abnegation	245	427	716	1160	1797	2594	3669	4983	5000
ciprofloxacin	308	511	762	1057	1375	1772	2338	3136	4257	abbreviation	12	24	45	90	192	372	830	1842	3601
carpal	54	110	200	333	527	805	1171	1804	3007	scorer	126	180	245	327	455	697	1125	1861	3100
head-to-toe	28	67	123	212	327	490	702	1036	1685	bookmaking	8	25	52	89	202	412	839	1630	2814
fascia	266	442	682	1034	1596	2297	3322	4726	5000	hiatus	0	1	2	8	24	94	304	817	1976
toolkit	2	3	12	32	85	239	560	1159	2134	mix-up	3	6	10	20	58	184	476	1137	2230
blackgum	37	104	193	371	608	1029	1647	2553	3933	liquidity	46	107	260	511	941	1585	2566	3848	5000
two-factor	8	31	112	304	642	1169	2023	3270	4974	sobriquet	4	4	4	6	9	19	61	194	579
creatinine	262	470	721	1023	1383	1825	2366	3097	4111	shakedown	0	2	10	36	127	352	856	1840	3453
profiler	0	0	1	12	36	121	317	681	1357	frontage	17	56	130	287	498	866	1492	2421	3784
hunter-gatherer	0	4	18	59	122	308	762	1616	3024	intelligibility	1349	1904	2677	3650	4781	5000	5000	5000	5000
self-disclosure	5	21	95	298	675	1297	2176	3352	4829	circumlocution	2	3	6	29	82	214	517	1149	2170
zero-tolerance	7	19	48	137	309	611	1101	1926	3074	reaffirmation	86	201	403	752	1238	1919	2842	4022	5000
bowhunting	0	0	1	1	5	16	58	184	526	pesticide	422	836	1371	2041	2931	4070	5000	5000	5000
impulsivity	17	46	120	276	526	1000	1686	2671	3955	borderland	1	2	11	38	133	365	893	1766	3075
sociopath	85	157	277	497	910	1582	2604	4020	5000	evangelism	55	134	295	605	1032	1735	2769	4034	5000
brulee	415	571	808	1212	1939	3171	4871	5000	5000	barrio	2	19	45	105	240	495	1035	1978	3420
obra	777	1007	1243	1474	1709	2000	2401	2993	3890	cit	0	1	10	41	184	599	1380	2646	4411
fictionality	242	469	839	1382	2167	3176	4513	5000	5000	chemotherapy	540	735	941	1285	1806	2638	3837	5000	5000
acidification	27	97	293	566	982	1526	2207	3170	4426	interlocutor	9	18	58	145	359	737	1479	2569	4220
stormwater	32	61	109	236	445	895	1621	2755	4269	songwriter	264	402	632	953	1383	2009	2867	3995	5000
hoisin	732	1012	1433	2046	2999	4518	5000	5000	5000	chevron	0	0	3	19	61	185	530	1274	2696
metacognition	33	113	310	678	1270	2178	3453	4952	5000	mistreatment	27	74	175	336	695	1322	2249	3563	5000
touch-screen	8	26	63	128	254	470	879	1480	2497	bloodstream	329	551	836	1205	1597	2184	2865	3871	5000
confit	452	620	801	1122	1648	2511	3905	5000	5000	praetor	18	39	70	146	316	636	1194	2236	3713
nanosecond	2	2	7	34	114	371	890	1918	3693	evocation	129	290	550	974	1654	2570	3868	5000	5000
special-education	6	15	26	61	103	221	378	710	1376	collectivization	47	124	268	541	985	1662	2662	3892	5000
twentysomething	0	1	4	21	95	269	613	1236	2381	science-fiction	16	40	90	188	356	672	1240	2121	3637
contextualization	261	559	992	1675	2538	3717	5000	5000	5000	non-intervention	69	160	294	513	892	1434	2147	3122	4417
sunroof	43	102	265	538	1020	1781	2799	4124	5000	sundial	72	181	449	932	1599	2609	3952	5000	5000
hoodie	163	244	341	481	676	992	1604	2651	4264	intro	21	76	236	547	1005	1691	2662	4130	5000
conflation	15	60	217	501	974	1613	2569	3769	5000	steepness	149	266	479	820	1299	2043	3135	4587	5000
powertrain	13	26	47	74	145	268	512	923	1692	biochemist	199	297	470	769	1250	2016	3130	4604	5000
gentamicin	715	989	1297	1650	2035	2572	3233	4182	5000	grassland	188	314	527	888	1360	2055	3053	4275	5000
bodybuilder	7	21	52	126	276	541	1007	1830	3080	subcontinent	29	62	118	258	496	928	1619	2748	4358
rebar	102	213	451	848	1418	2249	3372	4821	5000	quad	3	12	38	154	417	972	1866	3326	5000
videoconferencing	19	35	80	183	319	582	992	1726	2761	foreign-exchange	111	198	348	559	835	1266	1906	2932	4364
duvet	285	458	711	1097	1706	2605	3869	5000	5000	agua	94	191	376	699	1142	1794	2810	4259	5000
victimhood	78	224	496	901	1559	2341	3365	4555	5000	reformist	201	350	565	903	1399	2148	3170	4403	5000
cada	1625	1857	2116	2437	2851	3414	4295	5000	5000	porn	0	2	15	47	144	448	1133	2476	4687
ischemia	799	1101	1437	1888	2432	3190	4131	5000	5000	campsite	62	167	340	680	1166	1893	2918	4257	5000
globalism	69	141	279	545	961	1542	2308	3264	4545	pellagra	764	1028	1360	1794	2391	3237	4412	5000	5000
sockeye	32	52	92	169	319	600	1102	1925	3104	godson	39	78	160	350	691	1353	2356	3802	5000
photovoltaics	25	61	142	283	531	967	1563	2391	3593	high-frequency	550	886	1349	1928	2743	3736	4990	5000	5000
eutrophication	81	194	448	811	1342	2035	3028	4262	5000	accessibility	17	61	183	424	864	1592	2633	4001	5000
low-maintenance	2	5	17	69	202	485	1074	2079	3652	neutralization	116	282	563	1111	1974	3132	4484	5000	5000
interleague	19	33	55	77	137	201	302	525	1073	love-story	17	46	127	280	575	1108	2036	3365	5000
counter-terrorism	17	29	65	144	304	533	894	1464	2227	self-incrimination	87	138	242	411	666	1111	1742	2659	3883
estaba	1778	2039	2355	2754	3237	4010	5000	5000	5000	server	0	0	2	12	36	160	549	1554	3351
soymilk	626	876	1182	1627	2225	3081	4417	5000	5000	abalone	177	417	880	1552	2535	3862	5000	5000	5000
narrativity	128	247	446	765	1266	2014	3087	4512	5000	unevenness	69	211	494	1038	1855	3018	4626	5000	5000
layperson	19	60	170	482	973	1732	2811	4134	5000	deletion	291	589	1056	1801	2843	4086	5000	5000	5000
hagfish	9	19	49	127	249	505	1046	1986	3507	cassava	835	1167	1587	2131	2898	3976	5000	5000	5000
wakeup	0	0	0	1	6	44	169	544	1474	cornea	945	1361	1892	2465	3302	4340	5000	5000	5000
buy-in	4	12	83	228	477	936	1673	2680	3994	lesion	742	1009	1372	1887	2512	3371	4428	5000	5000
neuropathy	511	698	944	1259	1649	2198	3003	4279	5000	guitarist	176	283	460	726	1111	1687	2544	3748	5000
graywater	13	28	48	111	238	542	1069	1932	3328	basswood	355	574	947	1508	2369	3567	5000	5000	5000
drop-offs	12	33	94	247	526	986	1802	2885	4499	tailings	30	70	174	347	656	1230	2168	3515	5000
snowboarder	2	3	5	23	68	172	374	780	1557	gynecologist	76	164	309	553	975	1607	2669	4262	5000
crankset	4	17	59	208	577	1235	2293	3696	5000	feminism	134	272	471	817	1344	2092	3125	4431	5000
airbag	13	34	86	179	328	601	1052	1820	3030	inlay	132	240	409	666	1082	1706	2596	4029	5000
reticle	109	217	379	636	1052	1696	2690	3993	5000	reissue	0	5	22	55	167	407	895	1855	3288
telomerase	71	188	394	701	1126	1726	2463	3528	4874	multiplier	231	509	966	1700	2640	3777	5000	5000	5000
bronzer	21	55	130	309	611	1159	2157	3595	5000	slider	42	133	347	808	1615	2860	4525	5000	5000
interobserver	1	6	24	101	270	657	1331	2416	3996	unsteadiness	41	103	244	496	995	1811	3069	4732	5000
cogeneration	38	84	193	387	728	1239	1926	2902	4189	hypothalamus	1523	1992	2561	3316	4233	5000	5000	5000	5000
surrogacy	0	1	4	24	71	194	570	1297	2543	omelette	230	325	464	652	994	1553	2454	3867	5000
personalisation	0	1	7	41	135	334	695	1374	2408	ineffectiveness	321	671	1263	2103	3122	4359	5000	5000	5000
oil-for-food	3	9	19	64	162	348	678	1187	1940	cheerleader	15	65	153	342	683	1247	2111	3324	4979
flatbread	383	480	632	857	1204	1758	2691	4189	5000	genocide	23	53	118	268	539	1001	1690	2616	3919
birthweight	19	69	177	355	660	1104	1682	2593	3960	powerhouse	0	2	16	86	242	574	1160	2142	3609
mentorship	1	3	12	38	104	243	533	1128	2228	intercity	209	373	645	1082	1652	2453	3645	5000	5000
hantavirus	130	245	389	630	981	1472	2098	3066	4399	trickster	147	258	436	708	1170	1885	2984	4472	5000
turn-on	2	10	31	77	210	571	1278	2449	4231	cadmium	1171	1565	2130	2813	3691	4762	5000	5000	5000
porcini	584	804	1144	1669	2406	3543	5000	5000	5000	fencer	8	17	38	80	185	423	891	1827	3363
representativeness	26	87	208	485	936	1686	2722	4045	5000	self-righteousness	179	341	576	949	1485	2185	3092	4269	5000
narratee	4	23	85	246	540	1099	2016	3319	5000	tenancy	3	6	19	71	193	472	1087	2109	3541
intubation	132	239	406	635	906	1304	1895	2686	3792	watermark	22	70	204	466	975	1830	3142	4928	5000
trick-or-treating	1	11	32	123	310	774	1502	2603	4071	disqualification	18	63	143	315	633	1238	2100	3288	4832
faceup	16	48	122	277	570	1089	1850	3009	4638	basso	29	50	99	181	352	584	1009	1753	2955
voice-mail	3	6	16	28	51	93	163	374	844	billionaire	33	87	226	429	773	1322	2167	3312	4953
ultrasonography	117	252	482	834	1304	1893	2672	3755	5000	phosphorescence	157	286	543	970	1701	2736	4118	5000	5000
antiterrorism	19	48	112	250	461	799	1261	1961	2996	conductivity	1683	2235	2898	3761	4759	5000	5000	5000	5000
screener	0	0	0	1	16	67	252	721	1665	vocalist	143	239	371	642	1021	1594	2462	3813	5000
cholesteatoma	459	687	940	1244	1636	2189	2946	4041	5000	counterfeiter	46	85	142	246	485	887	1566	2658	4315
suppl	237	480	846	1366	2031	2915	4148	5000	5000	mana	8	29	75	234	626	1317	2479	4221	5000
kickboxing	6	11	16	31	57	116	215	468	1018	take-over	213	380	685	1140	1816	2675	3742	5000	5000
airstrike	37	72	135	249	464	834	1424	2379	3899	quotient	68	166	355	765	1400	2261	3396	4845	5000
co-president	14	24	52	89	172	309	519	859	1405	calligraphy	35	88	175	327	573	1026	1748	2942	4652
dysphagia	181	274	398	552	749	1019	1388	1952	2684	log-cabin	11	16	46	104	212	414	790	1472	2590
knockoff	3	8	17	57	150	336	730	1417	2591	android	0	0	5	18	84	374	1075	2444	4672
videogame	4	5	18	44	106	205	423	895	1738	blacklist	9	44	135	381	813	1515	2538	3908	5000
resveratrol	265	448	688	993	1378	1944	2731	3701	5000	dissonance	76	135	223	443	844	1477	2456	3844	5000
telemarketer	0	1	5	15	53	148	424	955	1868	step-father	77	157	305	588	1054	1745	2751	4019	5000
linearity	134	327	645	1135	1870	2785	3945	5000	5000	etcetera	0	0	0	3	37	228	739	1749	3213
polycarbonate	185	405	713	1141	1728	2539	3553	4821	5000	rejuvenation	3	34	158	481	1084	2012	3311	5000	5000
tonsillar	469	699	976	1381	1980	2773	3908	5000	5000	robustness	210	404	661	1062	1677	2512	3628	5000	5000
drow	31	99	255	612	1300	2361	3853	5000	5000	pars	1093	1318	1593	1890	2330	2838	3610	4667	5000
subtype	228	492	881	1317	1950	2722	3738	4993	5000	mascot	0	0	13	39	132	365	897	1850	3363
climate-change	3	12	53	137	296	567	1040	1725	2699	meteorologist	19	44	93	176	322	555	967	1619	2635
biofilter	56	157	365	727	1293	2034	3063	4316	5000	softball	54	74	121	189	305	519	901	1565	2778
antilock	34	57	120	227	422	731	1337	2357	3919	tapioca	542	708	985	1317	1766	2328	3114	4226	5000
inculturation	51	161	364	655	1126	1826	2762	4018	5000	re-education	135	332	727	1354	2271	3419	4877	5000	5000
sportfishing	2	10	27	64	150	281	517	970	1715	coefficient	1054	1528	2117	2808	3706	4732	5000	5000	5000
otorrhea	307	486	710	982	1338	1851	2493	3458	4852	hectare	444	739	1127	1671	2475	3543	4885	5000	5000
all-mountain	0	0	0	2	16	71	196	547	1375	inculcation	316	664	1132	1758	2614	3584	4750	5000	5000
post-independence	71	144	315	623	1067	1765	2758	4074	5000	disfranchisement	55	130	320	696	1196	1984	3091	4486	5000
superstore	5	13	24	50	108	213	422	878	1725	nationale	202	354	526	731	1010	1408	1896	2500	3430
single-case	60	176	432	935	1757	2943	4370	5000	5000	speciality	3	19	108	347	878	1825	3151	4885	5000
role-play	0	1	1	13	48	144	385	853	1798	freestone	325	544	882	1351	1985	2883	3961	5000	5000
hotspot	0	0	0	2	13	48	192	589	1492	niacin	1772	2292	2919	3823	5000	5000	5000	5000	5000
transnationalism	19	67	169	378	732	1221	1954	2945	4437	editor-in-chief	164	312	556	942	1425	2091	3049	4166	5000
sonogram	1	5	18	41	119	287	617	1297	2544	cosmogony	307	519	869	1333	1952	2798	3927	5000	5000
biometrics	0	2	9	41	113	297	682	1366	2425	do-nothing	3	5	12	37	116	280	619	1345	2468
consultee	2	10	20	79	257	680	1490	2743	4500	rainwater	280	542	942	1494	2305	3302	4653	5000	5000
exoskeleton	162	373	791	1448	2398	3642	5000	5000	5000	infertility	716	1051	1520	2193	3057	4102	5000	5000	5000
high-dose	424	646	886	1162	1471	1892	2447	3265	4332	selenium	1437	1863	2346	3004	3782	4793	5000	5000	5000
saucepot	186	301	453	695	1082	1750	2943	4739	5000	samurai	2	3	9	21	72	215	542	1142	2279
subcategory	2	8	28	104	290	705	1430	2566	4021	acupuncture	187	370	685	1249	2088	3229	4777	5000	5000
opposite-sex	0	4	13	36	79	188	467	1007	1985	acceptability	637	1135	1800	2714	3772	5000	5000	5000	5000
controllability	236	509	865	1421	2205	3245	4502	5000	5000	special-interest	122	304	572	1062	1785	2773	4007	5000	5000
positivity	23	85	250	533	895	1397	2053	3057	4437	cognition	1232	1729	2363	3219	4209	5000	5000	5000	5000
goodness-of-fit	4	13	48	195	489	1074	1968	3370	5000	intentionality	841	1324	1992	2879	4018	5000	5000	5000	5000
creationist	0	1	11	40	104	246	545	1175	2216	filtration	735	1158	1618	2265	3041	4065	5000	5000	5000
backstory	1	1	5	15	48	130	371	938	2070	artifact	122	329	688	1282	2140	3306	4760	5000	5000
biocontrol	13	48	118	259	518	983	1660	2599	3907	bridgehead	51	101	215	426	786	1383	2366	3781	5000
descriptor	22	65	180	414	856	1534	2550	3933	5000	badminton	73	100	151	223	347	577	989	1819	3240
leachate	103	244	484	852	1377	2098	3048	4313	5000	reprise	103	168	261	421	657	1054	1782	3067	5000
ppb	236	395	642	964	1377	1951	2791	3943	5000	ani	1	2	3	19	74	245	690	1493	2834
digitization	0	2	31	88	278	661	1309	2329	3664	separateness	462	825	1332	1985	2793	3851	5000	5000	5000
underrepresentation	7	19	75	211	508	1015	1813	2936	4365	internationalization	395	675	1083	1664	2437	3503	4700	5000	5000
weight-bearing	10	29	79	237	573	1197	2161	3580	5000	falsification	137	292	571	1053	1817	2915	4224	5000	5000
eigenvalue	4	20	61	163	343	667	1212	2118	3494	indenture	9	38	92	193	351	664	1221	2152	3612
encoder	134	230	389	632	985	1512	2297	3426	5000	methyl	1322	1730	2232	2885	3693	4697	5000	5000	5000
leptin	318	524	832	1194	1671	2279	3160	4383	5000	cleat	113	216	375	636	1109	1804	2776	4175	5000
masala	169	267	394	554	784	1216	1956	3227	5000	betel	371	572	873	1320	1942	2830	3945	5000	5000
springform	225	497	938	1627	2732	4249	5000	5000	5000	videotape	23	48	101	178	344	676	1252	2361	4078
broad-spectrum	53	156	320	596	903	1344	1933	2775	4116	anti-communism	237	424	722	1210	1921	2897	4200	5000	5000
self-presentation	4	30	121	380	869	1576	2561	3844	5000	unreasonableness	211	416	768	1280	2051	3015	4180	5000	5000
stockpot	196	339	547	808	1300	2155	3473	5000	5000	acetone	1725	2226	2780	3509	4453	5000	5000	5000	5000
low-fare	4	9	30	61	152	283	577	1049	1869	tremolo	159	243	384	610	999	1756	3149	5000	5000
dysplasia	458	658	891	1181	1499	1913	2505	3403	4700	music-hall	163	276	427	704	1058	1666	2529	3791	5000
waveform	272	449	761	1187	1766	2489	3374	4523	5000	microfilm	34	64	118	260	517	1008	1901	3303	5000
impactor	19	57	136	258	493	873	1456	2417	3803	sibling	9	22	53	137	353	749	1487	2584	4123
belowground	48	166	389	791	1302	2089	3112	4452	5000	welterweight	185	258	375	537	789	1195	1799	2734	4186
double-click	1	3	7	18	60	175	419	893	1843	semiconductor	277	493	785	1200	1796	2650	3794	5000	5000
nonconference	5	13	30	52	91	146	246	406	737	immunization	307	530	822	1260	1940	2833	4043	5000	5000
off-task	0	0	0	1	9	53	198	616	1548	demigod	25	76	187	401	816	1507	2494	3934	5000
lifecycle	2	19	44	151	342	727	1343	2273	3559	ecliptic	163	309	495	787	1238	1952	2966	4309	5000
self-selection	11	64	232	558	1165	2012	3124	4586	5000	argumentation	214	483	876	1474	2204	3209	4428	5000	5000
astrophotography	3	13	23	60	153	308	660	1407	2604	mass-production	193	387	734	1273	1998	2975	4239	5000	5000
nematode	71	178	343	645	1071	1666	2345	3251	4383	mitzvah	0	2	21	159	545	1353	2547	4205	5000
randomisation	7	23	73	171	372	728	1300	2181	3473	steeplechase	51	99	163	270	415	675	1094	1808	2997
qubit	63	169	343	644	1062	1614	2370	3338	4667	biped	2	6	16	52	136	319	724	1522	3036
stepdad	75	175	416	843	1509	2427	3512	4996	5000	header	26	92	273	659	1366	2410	3769	5000	5000
flyfishing	3	11	21	32	62	147	380	989	2249	eclecticism	1290	1889	2668	3578	4734	5000	5000	5000	5000
self-referencing	1	10	56	251	651	1360	2481	3986	5000	conventionalism	282	532	883	1397	2094	3066	4276	5000	5000
peer-to-peer	3	12	48	118	284	609	1135	2005	3237	conjugation	662	1115	1766	2590	3645	4910	5000	5000	5000
quintile	6	15	34	80	194	434	890	1699	2936	tutorial	297	508	932	1554	2487	3706	5000	5000	5000
cross-training	0	0	4	8	22	82	205	507	1109	triangulation	179	381	770	1368	2282	3588	5000	5000	5000
identifier	0	1	13	31	100	304	755	1713	3297	coffeehouse	44	91	189	362	717	1319	2338	3742	5000
dorsiflexion	177	385	696	1095	1675	2485	3604	5000	5000	screenwriter	347	551	885	1309	1963	2858	4206	5000	5000
chickpea	698	932	1253	1720	2353	3334	4848	5000	5000	scrotum	633	909	1355	1978	2885	4130	5000	5000	5000
antiaging	3	14	41	121	288	638	1124	1954	3237	imposter	84	164	349	690	1274	2262	3541	5000	5000
crime-scene	0	1	1	1	6	25	83	214	605	suzerainty	64	113	211	368	655	1141	1863	2966	4401
sarin	14	54	127	314	562	910	1399	2046	2983	pogo	10	31	102	310	726	1387	2339	3804	5000
multicollinearity	0	1	10	64	239	630	1304	2338	3804	authoritarianism	740	1159	1702	2450	3444	4524	5000	5000	5000
dataflow	60	163	364	718	1304	2111	3235	4646	5000	telephony	148	272	483	830	1424	2284	3544	5000	5000
electability	10	42	133	386	910	1763	2985	4654	5000	cobblestone	201	409	741	1234	1959	2959	4211	5000	5000
wildland	0	0	9	27	69	181	418	950	1911	cirrhosis	714	920	1145	1501	1994	2685	3680	5000	5000
headphone	17	44	72	163	327	620	1138	1960	3372	newscast	33	59	108	208	432	847	1621	2936	4878
big-picture	1	3	13	46	132	347	763	1486	2561	narrow-gauge	163	299	479	804	1317	2063	3100	4458	5000
progestin	589	880	1232	1644	2149	2846	3830	5000	5000	sidekick	223	426	736	1239	2016	3151	4565	5000	5000
telework	0	4	10	51	169	452	1005	1826	3087	tramway	148	283	526	894	1443	2334	3515	5000	5000
slickrock	143	273	424	708	1163	1855	2852	4140	5000	euthanasia	33	116	308	763	1550	2646	4108	5000	5000
crostini	510	640	822	1106	1592	2475	4006	5000	5000	kickoff	85	130	203	309	534	843	1485	2457	3939
touchscreen	29	52	116	243	445	751	1305	2185	3578	suffragist	4	13	55	149	363	799	1589	2747	4397
eighth-grader	1	3	8	33	91	232	521	1166	2238	self-portrait	40	100	204	407	726	1297	2238	3754	5000
microfiber	277	487	801	1278	1940	2873	4016	5000	5000	ionosphere	296	521	858	1397	2164	3181	4441	5000	5000
demonization	54	134	277	555	1028	1694	2643	3854	5000	right-of-way	19	29	51	97	189	333	636	1138	2025
test-taking	9	42	90	210	471	968	1874	3145	4846	devolution	618	1165	1841	2736	3759	5000	5000	5000	5000
pro-independence	89	150	261	406	653	1025	1519	2290	3343	parliamentarian	59	122	234	472	790	1327	2016	3049	4415
wonk	0	0	6	19	78	236	633	1450	2822	coli	527	790	1157	1574	2153	2977	4134	5000	5000
oxytocin	127	268	504	844	1294	1946	2773	3980	5000	warlord	24	56	114	212	385	703	1258	2237	3781
falafel	190	296	435	633	940	1522	2459	3966	5000	welder	35	80	179	398	830	1588	2776	4520	5000
minicamp	13	31	58	112	195	368	653	1247	2317	gymnast	35	92	189	358	694	1283	2205	3628	5000
teleconference	7	11	25	60	119	260	508	940	1751	interconnection	1282	1965	2849	3897	5000	5000	5000	5000	5000
multiday	6	9	17	36	100	214	511	1105	2172	cyclist	2	16	64	174	384	886	1787	3140	5000
audiometry	46	148	323	582	1010	1594	2445	3488	4968	decathlon	184	249	334	486	713	1117	1848	3006	4655
whistleblower	9	18	42	105	231	474	884	1497	2437	reforestation	197	356	638	1006	1542	2331	3494	4877	5000
dpi	1	10	25	57	166	333	727	1431	2636	ru	448	864	1258	1744	2308	3203	4331	5000	5000
frontcourt	9	26	47	67	112	158	228	347	645	self-rule	205	427	744	1189	1858	2694	3810	5000	5000
anaphylaxis	100	192	331	491	706	1004	1442	2106	3158	shibboleth	34	113	271	608	1157	2000	3086	4555	5000
hegemon	3	12	36	92	285	643	1307	2434	4024	acanthus	644	967	1415	2044	2863	4035	5000	5000	5000
megachurch	1	2	5	9	24	91	204	504	1212	saltwater	81	189	413	857	1591	2671	4159	5000	5000
keyboardist	27	46	107	194	332	599	1064	1779	2902	centrifuge	818	1252	1788	2473	3397	4517	5000	5000	5000
supernovas	16	33	63	122	220	475	985	1907	3320	bacterium	1485	1926	2449	3159	4020	5000	5000	5000	5000
sidecut	6	10	36	97	260	571	1117	2174	3732	torque	532	847	1317	1930	2790	4005	5000	5000	5000
prioritization	125	294	593	1006	1667	2539	3685	5000	5000	profit-making	392	688	1165	1818	2749	3923	5000	5000	5000
essentialism	198	376	651	1056	1613	2313	3289	4512	5000	ornithology	35	72	122	193	303	500	845	1415	2417
sashimi	215	336	474	651	953	1423	2234	3688	5000	launcher	320	543	877	1424	2191	3258	4827	5000	5000
backspin	1	3	11	42	102	285	658	1377	2712	halftime	86	125	182	264	426	677	1117	1948	3267
co-creator	15	28	58	129	250	466	868	1488	2477	ex-husband	103	177	305	537	939	1591	2513	3743	5000
tahini	819	1123	1580	2189	3138	4497	5000	5000	5000	lupus	432	726	1255	1898	2769	3872	5000	5000	5000
speciation	30	84	207	460	869	1513	2373	3472	4890	fratricide	40	100	205	424	746	1277	2127	3374	5000
enabler	2	5	37	125	377	876	1770	3051	4794	sophist	139	260	470	846	1404	2307	3557	5000	5000
high-capacity	30	81	163	314	531	931	1511	2359	3537	cohabitation	84	177	384	796	1486	2527	3912	5000	5000
inkjet	20	61	158	366	753	1371	2206	3399	5000	fjord	232	417	677	1071	1611	2436	3561	5000	5000
interferometry	56	111	202	327	580	963	1606	2620	4038	common-school	46	137	332	701	1364	2298	3504	4929	5000
misdiagnosis	190	305	464	674	1032	1547	2367	3591	5000	decapitation	11	33	100	261	601	1219	2231	3782	5000
paediatrician	10	16	24	50	77	154	316	643	1227	subjectivity	939	1346	1882	2552	3461	4553	5000	5000	5000
consumerist	11	50	138	313	625	1088	1810	2782	4062	weatherman	1	17	56	196	505	1014	1814	3139	4781
bioremediation	36	128	275	580	996	1557	2365	3535	4897	counter-attack	25	53	117	232	454	847	1504	2622	4259
gamefish	14	26	46	84	139	253	500	1018	2083	placebo	939	1387	2021	2897	3982	5000	5000	5000	5000
overrepresentation	3	8	30	93	282	660	1331	2401	3814	counterintelligence	53	138	298	594	1092	1820	2940	4405	5000
techie	0	0	4	18	76	244	692	1634	3195	zombie	55	171	452	1077	2007	3414	5000	5000	5000
eyewear	15	38	92	168	276	450	716	1215	2006	mousse	546	723	948	1322	1895	2744	4021	5000	5000
legroom	1	1	4	14	45	112	289	702	1558	gneiss	529	802	1203	1706	2409	3265	4384	5000	5000
enhancer	12	55	160	372	680	1137	1804	2795	4241	sclerosis	1110	1453	1914	2561	3487	4679	5000	5000	5000
ototoxicity	409	596	841	1154	1627	2365	3432	4724	5000	hydrocarbon	1600	2075	2685	3470	4387	5000	5000	5000	5000
micromanage	4	9	32	104	299	693	1312	2210	3532	coat-of-arms	7	23	44	113	260	572	1139	2071	3650
grommet	3	13	35	89	218	543	1205	2353	4000	vector	186	343	613	990	1567	2361	3421	4743	5000
swimwear	15	36	74	129	224	383	710	1291	2421	anti-tank	238	382	626	1022	1580	2515	3971	5000	5000
undergrad	22	38	54	77	117	209	373	664	1287	toxicity	1929	2601	3356	4311	5000	5000	5000	5000	5000
franchisee	7	18	34	81	185	335	624	1160	2073	ballistics	21	46	108	248	480	868	1548	2776	4452
freeride	0	0	4	13	40	98	248	634	1531	entropy	1076	1567	2268	3099	4128	5000	5000	5000	5000
subsidiarity	198	396	744	1205	1846	2698	3788	5000	5000	irradiation	566	958	1412	1959	2665	3531	4692	5000	5000
intercountry	2	7	36	109	316	651	1216	2094	3340	localization	1919	2652	3477	4440	5000	5000	5000	5000	5000
substance-abuse	11	21	43	93	192	381	678	1217	2055	foreign-language	62	134	271	564	1040	1790	2825	4205	5000
virtual-reality	1	3	10	32	82	187	442	904	1809	submissiveness	474	765	1201	1757	2550	3535	4755	5000	5000
strength-training	2	3	4	11	27	75	241	659	1539	counter-revolution	279	518	924	1501	2374	3572	5000	5000	5000
deal-making	7	19	48	130	328	660	1387	2413	3793	conduction	1353	1853	2477	3203	4056	5000	5000	5000	5000
self-governance	100	220	495	918	1661	2516	3613	5000	5000	thermodynamics	586	967	1562	2317	3337	4543	5000	5000	5000
intranet	5	14	31	73	183	410	830	1529	2676	crossfire	6	19	41	110	266	633	1365	2545	4346
alkyd	48	116	301	556	937	1519	2324	3580	5000	scam	4	14	50	183	653	1774	3552	5000	5000
mouthwatering	120	210	326	497	715	1120	1834	3153	4973	epistemology	895	1252	1792	2469	3346	4447	5000	5000	5000
spectrometry	278	465	695	975	1322	1804	2428	3269	4400	nitroglycerin	281	491	787	1192	1754	2620	3787	5000	5000
in-vitro	25	89	203	435	753	1221	1897	2847	4083	receptor	899	1294	1834	2418	3145	4122	5000	5000	5000
biomedicine	2	13	66	204	502	1032	1887	3071	4563	mid-summer	17	23	40	86	160	328	661	1306	2554
anti-immigration	41	80	143	246	392	589	930	1429	2177	confidentiality	44	107	256	522	1003	1735	2687	3966	5000
flyover	0	3	14	53	162	396	855	1693	2960	shootout	25	55	116	218	443	866	1543	2649	4201
work-life	2	7	24	62	147	364	786	1497	2583	repeater	5	19	49	93	209	454	870	1675	2863
home-schooling	10	19	39	91	214	448	966	1924	3408	ill-treatment	56	132	255	471	858	1435	2319	3519	5000
taskbar	2	3	14	51	197	468	1145	2260	4010	plenum	29	91	262	622	1274	2300	3586	5000	5000
illuminance	60	126	256	490	847	1487	2501	3873	5000	outpatient	131	229	404	686	1133	1763	2664	3863	5000
distractibility	12	40	114	319	706	1444	2432	3753	5000	conglomeration	4	6	6	9	19	51	129	385	991
hematoma	371	520	730	1036	1414	1968	2791	4015	5000	pontoon	81	173	343	602	993	1601	2401	3448	4897
firmware	37	91	188	347	636	1149	1980	3208	4896	yeshiva	17	29	50	82	164	313	596	1166	2175
prescription-drug	40	76	148	260	449	751	1153	1754	2652	director-general	199	381	686	1090	1697	2464	3536	4939	5000
chakra	0	0	0	5	17	65	215	595	1485	recon	6	32	117	359	775	1382	2456	4100	5000
information-processing	124	275	551	986	1626	2531	3620	5000	5000	great-great-grandfather	39	55	100	189	357	664	1185	2071	3421
oestrogen	178	397	643	957	1320	1850	2630	3764	5000	city-state	109	247	529	992	1748	2823	4283	5000	5000
business-to-business	40	75	148	278	500	871	1378	2181	3322	balance-of-payments	125	220	407	651	1060	1659	2476	3573	4986
buttercream	393	613	970	1476	2268	3448	5000	5000	5000	newscaster	16	38	96	244	512	1019	1847	3133	4909
breathability	9	28	44	130	302	671	1335	2451	4062	country-seat	15	42	93	201	405	775	1398	2488	3898
attendee	0	0	0	2	11	41	163	448	1041	refresher	12	20	43	99	215	463	1051	2068	3812
freefall	1	5	19	54	169	425	962	2011	3653	ambience	5	16	71	201	517	1196	2365	4137	5000
orality	31	101	304	645	1222	2064	3162	4529	5000	civics	71	131	228	378	645	1097	1777	2788	4090
nanotube	302	522	864	1311	1910	2651	3565	4848	5000	gunpoint	4	15	47	109	276	628	1275	2299	3751
kbps	3	10	25	68	132	280	542	1045	1962	tuba	78	124	200	332	665	1391	2813	4918	5000
newbie	0	0	1	5	42	213	657	1613	3131	latex	1187	1737	2403	3275	4355	5000	5000	5000	5000
carnitine	440	683	968	1299	1748	2353	3188	4301	5000	excision	233	510	977	1751	2865	4198	5000	5000	5000
acupuncturist	23	38	53	95	157	274	503	1023	1931	codification	306	609	1096	1744	2595	3678	4985	5000	5000
postmodernity	111	247	471	822	1332	2007	2945	4245	5000	heterogeneity	1623	2329	3171	4202	5000	5000	5000	5000	5000
hacia	1830	2078	2393	2746	3272	4045	5000	5000	5000	spoof	85	181	333	594	984	1593	2540	3928	5000
microfinance	12	44	105	216	416	715	1210	1886	2832	syndication	121	235	424	790	1291	2053	3087	4572	5000
methylmercury	454	719	1069	1505	2120	2947	4077	5000	5000	assertiveness	443	896	1580	2435	3499	4842	5000	5000	5000
whiteboard	5	13	26	68	170	337	665	1271	2324	bandleader	385	618	972	1499	2380	3542	5000	5000	5000
kya	0	0	0	3	12	71	272	943	2441	km	301	565	985	1661	2665	3910	5000	5000	5000
dodgeball	2	6	12	28	64	118	270	560	1198	lyricism	260	442	743	1200	1851	2680	3971	5000	5000
time-series	12	48	140	342	720	1337	2286	3490	5000	monotheism	313	535	834	1250	1872	2672	3691	5000	5000
metafiction	208	399	716	1210	1878	2827	4083	5000	5000	flood-tide	44	81	165	357	636	1080	1833	2927	4366
rent-seeking	66	204	457	909	1584	2556	3727	5000	5000	irrelevancy	207	463	890	1622	2553	3813	5000	5000	5000
noncontact	4	30	99	231	507	1054	1939	3160	4749	caliphate	69	136	244	423	762	1246	1999	3035	4532
co-writer	36	77	158	308	571	1096	1933	3210	4946	ubiquity	191	458	913	1529	2430	3550	4954	5000	5000
codependency	6	26	75	216	504	994	1795	2922	4463	rationalist	304	494	762	1200	1808	2577	3544	4830	5000
homeschooling	4	7	18	55	145	308	683	1454	2697	directorship	38	94	200	403	709	1247	2022	3064	4420
dotcom	1	1	3	7	29	69	157	364	884	carat	52	89	149	260	477	949	1820	3302	5000
falciparum	549	828	1167	1566	2072	2707	3648	4974	5000	non-fiction	85	144	280	527	943	1638	2820	4472	5000
gluteus	65	117	212	338	534	1015	1810	3152	5000	peuple	1664	1853	2103	2388	2814	3368	4185	5000	5000
sarcoidosis	375	554	750	1024	1382	1852	2601	3603	5000	co-ordinator	37	91	235	492	882	1548	2428	3630	5000
batterer	0	1	6	33	98	318	880	1878	3502	puddler	8	50	196	548	1254	2313	3768	5000	5000
halfpipe	3	8	21	49	90	208	477	1145	2310	houseboy	82	280	728	1608	2811	4434	5000	5000	5000
ingroup	14	69	186	438	982	1845	3069	4558	5000	biopsy	250	416	650	988	1443	2030	2863	4116	5000
high-growth	86	201	358	602	959	1473	2304	3404	4866	mid-november	83	190	370	696	1235	2064	3125	4568	5000
survivalist	0	0	0	8	37	109	320	880	1973	headphones	112	229	457	818	1433	2305	3511	5000	5000
encephalopathy	320	446	610	811	1125	1537	2115	3021	4414	insensitivity	703	1251	2011	2959	4137	5000	5000	5000	5000
catch-and-release	2	5	9	20	39	103	296	732	1750	transubstantiation	147	295	505	876	1460	2236	3355	4812	5000
hottie	10	51	151	384	888	1768	2962	4583	5000	in-law	12	36	113	247	513	995	1807	3140	5000
cooktop	73	162	324	610	1079	1817	2836	4273	5000	clothier	25	55	123	258	472	868	1549	2620	4194
post-treatment	93	227	464	809	1245	1836	2639	3751	5000	expressionism	170	339	608	1106	1831	2859	4217	5000	5000
postdoc	7	12	28	70	128	230	433	811	1502	poolhall	208	452	910	1609	2643	3833	5000	5000	5000
audiation	4	12	50	177	417	865	1684	2963	4708	referral	155	324	592	983	1592	2460	3711	5000	5000
triglyceride	598	877	1224	1633	2191	2932	3887	5000	5000	pontificate	26	51	103	200	393	766	1400	2517	4204
skateboarder	4	20	65	217	476	998	1871	3210	5000	planetarium	1	6	11	43	117	269	604	1306	2455
tapenade	683	926	1300	1845	2737	4022	5000	5000	5000	back-up	129	250	497	887	1518	2475	3862	5000	5000
preservationist	1	1	11	55	143	431	982	1910	3386	non-aggression	113	187	302	533	879	1476	2379	3673	5000
five-spice	564	827	1150	1680	2412	3591	5000	5000	5000	readership	9	31	116	290	750	1508	2661	4263	5000
private-label	16	42	88	165	309	526	947	1608	2581	non-combatant	2	5	24	84	261	620	1332	2471	3969
swingman	49	67	102	165	251	413	681	1157	2039	matchbox	1183	1781	2566	3540	4735	5000	5000	5000	5000
end-user	12	51	160	358	730	1331	2179	3250	4626	insulator	688	1148	1723	2419	3326	4522	5000	5000	5000
fuelwood	48	101	219	398	718	1202	1991	3212	4892	novella	76	117	206	403	706	1268	2064	3173	4683
rotavirus	379	566	826	1153	1501	1981	2701	3711	5000	programmer	70	151	372	753	1453	2465	3961	5000	5000
tallgrass	5	19	41	88	196	382	747	1361	2322	breather	0	2	5	17	54	220	638	1519	3040
soba	607	853	1208	1735	2522	3694	5000	5000	5000	anus	582	809	1156	1641	2305	3254	4557	5000	5000
ramen	280	388	565	771	1079	1565	2362	3689	5000	hype	4	12	39	132	367	900	1810	3296	5000
favorability	0	1	8	26	105	291	702	1502	2721	constructor	9	25	53	132	326	663	1280	2241	3640
neurobiology	61	84	145	246	414	718	1258	2021	3089	lexicographer	138	298	546	1032	1737	2871	4358	5000	5000
all-sky	1	3	12	32	77	176	370	749	1452	triste	1192	1394	1585	1853	2194	2680	3433	4566	5000
industrial-strength	9	34	108	258	561	1111	1929	3139	4873	great-grandchildren	8	11	18	59	161	439	991	2011	3510
alendronate	439	697	1013	1426	1963	2686	3699	5000	5000	pediatrics	250	386	593	943	1499	2352	3576	5000	5000
e-business	24	51	105	218	412	779	1296	2080	3169	nationhood	197	455	819	1385	2116	3149	4368	5000	5000
big-play	6	18	33	53	84	146	242	473	1045	colitis	506	679	886	1130	1487	2026	2842	4089	5000
switchgrass	81	170	338	572	958	1501	2172	3096	4365	handlebars	648	1046	1604	2321	3193	4329	5000	5000	5000
randomization	115	287	648	1192	2034	3078	4378	5000	5000	mountaineering	5	10	19	42	108	298	670	1437	2772
cyberpunk	4	17	47	92	215	426	803	1457	2510	robotics	109	207	397	823	1467	2463	3804	5000	5000
ejido	0	1	4	30	102	309	815	1646	2926	situ	62	186	503	1103	1914	3059	4410	5000	5000
phaser	13	31	83	168	410	752	1388	2396	3949	creche	0	5	13	58	230	697	1712	3460	5000
kickball	27	44	59	105	183	362	678	1363	2592	zinnias	592	895	1376	2007	2829	3898	5000	5000	5000
nonresponse	5	34	99	267	647	1299	2323	3623	5000	serviceman	1	7	29	103	346	858	1730	3188	5000
audiogram	12	50	148	351	684	1210	2072	3237	4963	academia	39	100	256	581	1156	2084	3291	4972	5000
surimi	110	229	438	746	1199	1773	2532	3518	4778	bonsai	1	6	16	45	144	406	900	1780	3237
lensing	114	205	398	720	1341	2171	3369	4894	5000	obverse	38	133	391	817	1599	2658	4203	5000	5000
early-onset	352	507	747	1073	1486	2096	3011	4334	5000	confection	237	385	627	971	1486	2156	3201	4756	5000
cybersecurity	16	70	181	349	622	1025	1608	2453	3650	propitiation	44	91	164	305	595	1125	1925	3049	4516
ronko	7	27	68	178	413	870	1739	3273	5000	capo	497	832	1206	1569	2010	2597	3438	4734	5000
dumbing	0	1	6	17	79	302	834	1751	3172	vanadium	944	1323	1819	2572	3464	4668	5000	5000	5000
novela	1127	1332	1558	1795	2118	2529	3199	4325	5000	boron	1757	2263	2920	3693	4698	5000	5000	5000	5000
serotype	261	560	923	1350	1851	2530	3509	4752	5000	lignite	646	975	1422	2049	2747	3701	4889	5000	5000
low-incidence	18	55	145	348	782	1597	2872	4625	5000	legitimation	1677	2355	3179	4163	5000	5000	5000	5000	5000
scheduler	1	3	9	29	80	183	362	826	1698	consulship	40	73	138	219	391	703	1281	2222	3568
cook-off	4	7	16	44	134	273	553	1034	1903	acronym	9	32	116	368	919	2044	3762	5000	5000
infill	18	41	95	216	440	865	1590	2778	4515	sternum	1052	1446	2024	2840	3859	5000	5000	5000	5000
merengue	5	15	36	88	193	371	755	1527	2893	dilation	348	573	932	1440	2093	2997	4192	5000	5000
wavefront	188	313	532	911	1459	2214	3238	4601	5000	torturer	203	379	691	1208	2088	3208	4779	5000	5000
noncredit	35	83	149	313	584	1055	1818	2942	4521	ligament	456	636	898	1278	1835	2601	3637	5000	5000
point-and-shoot	4	14	30	83	195	441	964	1924	3586	self-absorption	600	932	1384	1932	2710	3622	4861	5000	5000
bodysuit	377	482	635	804	1101	1614	2511	3937	5000	masseur	5	23	86	262	719	1537	2808	4536	5000
queso	414	576	836	1297	2056	3093	4567	5000	5000	zeta	17	36	116	343	817	1646	2883	4822	5000
quote-unquote	0	0	7	61	235	702	1567	2945	4770	permeability	1980	2551	3257	4106	5000	5000	5000	5000	5000
criminalist	1	4	25	73	200	487	1075	2133	3824	by-election	51	95	174	323	619	1069	1754	2818	4189
run-and-shoot	4	7	13	46	92	179	349	902	2200	thundercloud	69	157	350	680	1348	2239	3622	5000	5000
fifth-grader	0	5	33	103	274	657	1315	2431	3926	blockbuster	87	204	407	776	1420	2459	3913	5000	5000
quick-release	128	234	443	778	1251	1970	2989	4355	5000	paleontology	202	343	597	1036	1720	2705	3923	5000	5000
atrazine	114	287	516	822	1187	1682	2399	3407	4759	ontology	1444	2082	2942	3963	5000	5000	5000	5000	5000
bonobo	1	2	17	35	88	179	354	696	1493	ocher	1350	1930	2666	3558	4633	5000	5000	5000	5000
otolaryngologist	30	69	138	225	380	571	844	1277	2114	over-production	234	480	906	1585	2552	3792	5000	5000	5000
skybox	0	0	2	12	38	111	324	792	1745	rerum	1610	1929	2290	2781	3481	4422	5000	5000	5000
polyimide	911	1319	1788	2350	3039	3995	5000	5000	5000	freestyle	176	243	378	594	952	1447	2271	3533	5000
all-wheel-drive	21	33	75	132	260	474	917	1725	3126	horticulturist	32	60	137	258	545	980	1699	2774	4472
bpg	64	145	390	771	1376	2233	3400	4814	5000	coda	91	173	313	581	1075	1891	3014	4618	5000
meaning-making	474	815	1300	2035	2920	4085	5000	5000	5000	ornithologist	47	74	133	241	451	799	1316	2119	3329
listserv	0	0	1	9	41	145	326	749	1640	caffeine	850	1192	1652	2206	2925	3954	5000	5000	5000
cross-sex	13	26	62	177	439	1013	1951	3436	5000	hydroxyl	2241	2864	3729	4800	5000	5000	5000	5000	5000
workflow	13	40	99	280	598	1172	2053	3284	4907	seawater	1344	1986	2812	3867	5000	5000	5000	5000	5000
triathlete	6	10	32	92	214	440	872	1542	2686	bestiality	255	465	812	1303	2040	3086	4386	5000	5000
anti-terror	99	216	404	662	1013	1506	2160	3100	4213	four-wheel	269	437	725	1167	1890	2916	4410	5000	5000
waypoint	1	6	23	82	222	517	1049	1963	3430	red-eye	6	27	117	330	811	1651	2887	4490	5000
reader-response	15	34	102	241	491	929	1627	2690	4254	circumnavigation	10	20	54	153	379	807	1557	2908	4934
p-value	51	127	294	540	1020	1724	2796	4148	5000	comitia	27	57	129	233	445	885	1613	2712	4330
micromanagement	51	153	329	642	1112	1812	2837	4064	5000	secularization	541	955	1494	2203	3161	4324	5000	5000	5000
maquiladora	7	24	69	148	315	650	1143	1947	3142	reinsurance	814	1204	1761	2454	3399	4527	5000	5000	5000
