voice-over	0	0	0	0	1	15	80	319	925	experience	1	1	3	31	112	336	858	1831	3377
video	0	1	1	5	24	53	135	360	885	henry	0	3	24	66	138	299	578	1000	1679
software	9	20	41	76	151	303	602	1106	1926	capacity	2	4	12	45	121	312	714	1453	2603
gender	2	2	4	30	113	301	771	1601	2923	method	13	25	51	120	367	820	1632	2751	4256
e-mail	0	0	2	6	12	25	63	181	486	artist	46	72	134	230	384	682	1147	1893	3017
teaspoon	85	159	271	454	686	1059	1670	2693	4317	element	2	3	19	39	169	484	1116	2187	3604
feedback	0	0	1	2	5	26	99	371	1071	academy	7	9	16	35	76	134	248	437	835
lifestyle	1	1	2	4	15	63	259	840	1953	alliance	16	23	48	112	208	406	746	1316	2228
youre	0	0	0	1	4	40	112	284	594	chorus	16	38	64	108	186	278	430	692	1133
metro	0	1	7	20	61	130	298	611	1220	theme	2	5	16	42	108	255	544	1129	2112
database	3	3	5	18	53	151	386	880	1796	utility	5	30	80	229	493	903	1554	2443	3704
website	0	0	1	3	7	18	71	218	615	velvet	405	562	738	993	1393	1924	2676	3700	5000
pasta	231	319	437	585	793	1101	1595	2517	4087	rider	8	11	24	38	78	178	323	617	1240
tablespoon	95	184	296	458	670	994	1550	2443	3878	controversy	11	17	25	34	57	81	166	394	842
update	0	0	0	0	2	14	62	228	713	flour	109	188	309	462	686	1007	1468	2105	3002
workplace	0	0	1	11	46	182	492	1171	2242	archbishop	13	20	30	44	78	136	221	382	725
healthcare	6	12	34	78	189	363	680	1205	1989	uncertainty	13	17	29	60	100	199	410	855	1676
fax	1	1	3	5	9	16	24	60	128	spy	3	5	8	15	29	62	110	226	508
workout	0	0	0	4	12	26	93	223	614	resident	1	3	4	18	50	148	357	757	1392
regression	0	0	0	0	1	8	33	143	444	resentment	40	61	98	153	235	390	594	976	1632
parenting	1	1	2	2	7	27	71	195	500	moisture	24	86	173	371	685	1145	1845	2793	4076
ethnicity	1	2	8	20	92	278	631	1305	2385	fortnight	4	6	6	13	25	57	152	380	893
baseline	0	2	3	21	49	141	351	768	1579	brigade	12	14	22	35	71	102	178	275	454
ecosystem	1	5	12	35	103	253	602	1388	2690	dialogue	6	7	14	28	64	154	295	605	1186
processor	1	1	1	5	15	84	282	711	1484	treasurer	14	32	59	110	203	343	565	956	1541
ppg	0	0	0	3	9	52	156	404	926	rue	1	2	8	23	80	175	356	593	851
spokeswoman	1	1	1	1	4	7	19	68	148	fascination	2	3	7	14	30	77	177	416	898
icon	0	1	2	9	34	127	379	972	2092	ivory	13	34	65	118	218	401	722	1247	2151
globalization	29	57	138	310	612	1092	1831	2853	4185	recommendation	14	31	61	127	261	517	940	1526	2408
email	0	0	0	1	3	9	25	81	252	meadow	63	111	183	355	584	950	1480	2297	3490
governance	4	24	100	272	617	1145	1952	3051	4414	dictionary	8	15	24	38	71	125	235	408	717
interface	2	14	54	136	268	517	989	1884	3284	inventor	5	13	26	41	97	164	343	620	1058
workforce	3	7	20	48	144	303	609	1157	1986	velocity	59	124	213	346	555	868	1400	2192	3407
laptop	8	21	48	91	200	363	717	1309	2311	goose	5	13	29	69	175	342	640	1161	2087
biodiversity	2	4	6	14	26	71	218	556	1285	individuality	35	124	300	594	1047	1603	2441	3510	4849
info	0	0	0	0	0	1	4	11	46	bin	14	43	108	219	366	612	842	1251	1938
blog	0	0	2	4	10	28	81	219	561	grape	36	82	161	258	445	692	1040	1525	2281
outreach	4	13	26	70	146	279	523	973	1802	chronicle	1	4	11	20	40	70	142	268	498
preschool	4	7	11	22	36	72	143	275	547	particle	9	21	68	173	390	738	1308	2072	3078
privatization	33	78	193	400	704	1188	1907	2834	4146	justification	7	20	52	155	378	870	1608	2654	4023
overview	0	1	2	6	9	21	46	140	367	secession	12	14	19	41	102	201	392	732	1279
watercolor	1	2	4	8	17	38	85	220	461	fertility	9	21	40	123	265	593	1193	2115	3437
backpack	80	156	305	576	988	1701	2623	3844	5000	premium	5	16	37	75	167	303	594	1035	1714
download	0	0	1	5	10	35	85	225	580	enactment	98	155	250	440	710	1138	1793	2637	3796
artwork	4	10	33	90	184	368	782	1644	3117	ransom	0	0	1	2	6	14	27	69	174
hip-hop	5	11	21	35	81	171	408	816	1683	sultan	13	24	38	70	111	162	263	420	707
peacekeeping	1	7	16	55	141	327	629	1175	2122	disappearance	3	4	6	9	20	27	37	60	120
salsa	83	146	239	357	503	679	953	1463	2472	bias	3	4	5	12	52	152	422	974	1932
same-sex	0	1	3	6	14	39	108	304	822	destroyer	24	34	59	91	138	236	359	595	914
multimedia	3	10	25	49	111	225	446	833	1439	prediction	4	4	7	10	21	48	108	273	730
genome	0	0	0	0	3	20	74	256	669	pudding	133	211	308	404	512	688	860	1118	1602
predictor	1	1	5	9	19	45	141	376	913	collision	1	5	6	8	16	24	50	153	381
autism	5	15	38	78	160	301	504	825	1375	scalp	3	5	17	43	94	184	393	812	1493
sensor	158	257	406	648	997	1498	2262	3336	4798	truce	9	15	29	46	71	126	224	415	736
cilantro	227	342	485	701	1005	1502	2249	3491	5000	arrogance	117	212	356	550	841	1231	1755	2522	3547
sustainability	2	3	20	68	211	489	930	1649	2702	consolidation	40	84	202	428	791	1318	2080	3088	4459
empowerment	1	6	15	66	175	389	833	1597	2746	substitution	2	5	14	78	273	665	1418	2551	3983
condom	0	0	0	0	0	4	16	52	253	canton	1	1	3	11	24	60	140	308	670
self-efficacy	0	0	4	31	91	293	788	1680	2974	co-operation	4	8	18	49	147	353	739	1408	2406
ethanol	18	56	130	267	502	882	1480	2307	3493	trader	3	6	18	38	63	129	226	428	807
anthrax	1	5	20	57	116	234	424	750	1272	mortar	7	30	69	149	317	596	1095	1903	3117
tsunami	1	1	2	5	11	37	80	181	465	volcano	5	7	10	20	40	99	222	483	967
rehab	0	1	3	4	9	35	84	228	634	yore	2	3	17	86	225	411	650	935	1306
filmmaker	12	32	52	116	233	419	714	1188	1949	endowment	1	1	8	23	61	149	372	811	1651
subscale	0	0	0	0	8	34	140	489	1259	magnetism	8	10	23	44	114	273	654	1337	2410
def	0	0	0	0	0	2	15	68	202	se	171	380	599	833	1058	1304	1595	1961	2383
entitlement	5	13	49	174	435	966	1889	3107	4605	retaliation	4	17	45	85	165	333	669	1187	2022
tsp	51	89	166	322	544	878	1428	2311	3903	dye	8	13	29	62	143	334	600	1107	1853
condo	11	15	28	58	120	266	493	1031	2015	coil	25	60	117	247	467	831	1501	2473	3817
bailout	5	21	44	111	213	359	673	1175	1900	wizard	2	3	4	6	13	26	58	164	463
groundwater	24	46	76	142	258	477	933	1629	2616	ratification	44	79	139	247	421	683	1083	1654	2434
downside	0	1	1	1	7	38	120	438	1215	induction	6	29	96	228	434	874	1556	2529	3878
landfill	3	8	17	44	96	195	463	1032	2076	formality	2	5	8	15	36	61	109	245	525
algorithm	0	5	10	55	184	386	792	1433	2417	charcoal	44	102	205	388	707	1181	1868	2881	4278
wastewater	14	25	49	114	247	492	925	1655	2660	plaintiff	19	37	56	93	145	235	371	627	1098
spokesperson	2	2	2	5	8	20	51	125	312	penitentiary	7	8	10	15	35	52	83	129	228
postseason	35	64	92	126	181	268	363	512	841	nightfall	16	20	28	44	75	151	342	750	1420
dysfunction	201	320	470	651	969	1365	2039	2963	4270	disclosure	4	6	13	31	76	197	485	963	1813
sitcom	2	2	6	17	39	82	175	401	904	strand	0	0	1	5	23	89	290	788	1687
analog	6	23	55	104	186	316	559	1078	2103	flute	82	112	154	205	294	417	617	1020	1856
tofu	303	395	522	659	879	1150	1618	2363	3509	nun	3	4	9	22	57	153	367	835	1680
arousal	1	7	24	84	187	429	899	1661	2828	pallor	25	41	87	155	259	455	784	1299	2198
ballpark	2	3	3	5	15	57	186	523	1292	pyramid	4	11	32	90	187	369	768	1427	2440
victimization	0	3	4	18	61	151	354	788	1635	self-control	27	41	71	135	241	416	673	1142	1864
backcountry	2	3	6	19	46	111	307	730	1580	contingency	1	1	3	7	15	62	212	522	1196
offseason	0	1	7	13	31	66	116	227	419	magician	9	13	22	29	55	123	260	605	1363
burnout	0	0	0	1	5	15	50	164	408	tremor	7	21	44	84	140	268	485	896	1621
biomass	26	79	195	422	803	1325	2043	3062	4368	equator	17	37	62	123	233	416	708	1229	2095
acculturation	0	0	2	5	39	142	428	987	1909	sitting-room	58	93	142	217	359	612	960	1513	2388
osteoporosis	44	96	170	304	436	626	866	1187	1693	conservatory	0	3	11	37	59	113	241	458	925
start-up	4	14	44	103	249	492	887	1504	2532	thinker	38	65	113	189	318	549	974	1584	2502
fundraising	2	4	6	17	58	170	388	835	1589	antagonism	22	42	93	206	437	901	1563	2535	3804
firefighter	1	1	3	6	14	34	110	277	707	aspiration	13	58	133	279	560	1007	1698	2670	3875
homelessness	4	6	15	29	69	164	357	810	1632	adjournment	7	14	25	53	80	159	280	532	965
testosterone	2	11	21	56	148	335	664	1174	1986	cleanliness	4	7	12	22	35	81	173	384	854
biotechnology	9	17	41	94	208	436	865	1567	2634	statesmanship	9	13	30	75	169	375	785	1502	2566
caregiver	3	5	6	24	45	106	269	700	1555	embodiment	7	14	22	51	163	364	743	1374	2291
browser	0	1	3	4	15	42	139	392	1021	trophy	2	3	7	12	26	61	128	262	457
nonstick	9	30	82	192	416	838	1423	2220	3603	foothold	3	3	3	4	7	12	18	45	141
cornerback	4	6	16	32	57	90	155	270	522	homestead	0	3	5	13	21	36	75	142	282
sunscreen	1	2	4	14	29	101	249	557	1112	hardness	15	31	59	119	249	523	1058	1942	3266
biotech	3	4	14	43	89	199	426	882	1666	tablet	3	6	10	25	54	89	160	309	639
cellphone	3	10	18	26	51	114	235	500	1030	panorama	3	5	10	14	23	36	81	175	410
soundtrack	4	12	40	100	196	369	632	1072	1929	grievance	1	2	3	6	13	34	68	197	582
wellness	1	1	5	17	29	66	143	317	625	infinity	8	13	26	73	145	323	669	1279	2338
cyberspace	0	0	0	0	3	22	85	368	1001	parsonage	9	14	24	37	58	118	228	439	773
makeover	0	0	1	2	3	11	42	125	407	sulphur	92	184	295	428	644	880	1221	1784	2537
app	0	0	1	5	16	45	117	358	911	mi	500	759	1006	1245	1518	1815	2173	2644	3228
steroid	0	3	11	45	127	265	494	810	1343	contour	8	19	42	82	166	355	670	1268	2204
ponytail	70	154	282	493	781	1206	1915	2952	4405	orthodoxy	52	103	168	276	452	777	1262	2047	3091
after-school	2	9	20	32	55	109	224	415	749	incarnation	6	10	17	36	94	258	589	1108	1956
sushi	8	24	55	130	236	365	558	917	1582	foil	0	0	0	3	8	56	179	524	1180
oregano	248	373	564	816	1158	1676	2529	3783	5000	missus	212	381	651	965	1368	1914	2580	3533	4712
meltdown	6	10	13	33	60	107	226	471	1027	plurality	1	1	5	7	19	43	99	233	560
gridlock	0	0	4	7	9	41	137	400	1045	subtlety	53	100	178	313	600	990	1595	2357	3424
template	0	1	3	11	27	98	331	832	1779	derrick	0	1	1	5	23	82	249	641	1310
worldview	33	110	257	538	941	1518	2325	3382	4741	mulberry	4	10	25	60	122	222	372	592	1053
rapper	0	1	8	26	82	182	428	952	1970	anthem	9	15	35	65	106	186	292	471	757
fund-raiser	1	1	5	8	25	71	206	507	1130	advertiser	1	2	7	16	28	54	107	209	396
giftedness	0	1	11	45	160	381	777	1456	2447	occupancy	1	1	2	4	15	29	54	194	546
multiculturalism	30	54	120	253	486	861	1470	2414	3607	constitutionality	44	78	138	239	409	667	1088	1705	2572
pandemic	1	6	11	28	62	159	351	682	1345	viceroy	9	18	33	59	129	216	344	568	901
audiotape	0	0	0	0	0	0	0	4	36	turnpike	12	20	32	49	89	138	240	385	690
timeline	0	0	3	6	18	66	214	593	1383	hostage	0	0	1	4	6	21	64	154	460
handheld	7	21	58	121	256	465	866	1430	2346	parapet	58	111	205	403	704	1121	1796	2633	3748
telecom	2	3	15	36	81	157	291	536	967	jargon	6	11	14	23	29	60	119	293	652
epidemiology	23	35	47	84	145	257	416	671	1058	specification	6	25	63	196	452	928	1696	2780	4253
ultrasound	2	11	21	62	144	291	570	1002	1718	progression	4	32	102	270	635	1222	2120	3348	4906
mpg	0	1	2	5	18	42	78	176	363	beak	22	52	123	282	584	1104	1846	2899	4271
self-report	0	0	0	1	10	58	199	548	1342	ingredient	2	10	36	101	227	464	834	1441	2522
wake-up	0	0	0	0	1	3	21	102	420	palate	1	1	3	8	19	74	185	420	997
marinade	174	275	394	574	815	1150	1734	2728	4290	nearness	3	3	6	15	33	84	212	418	808
matchup	4	9	16	34	75	123	206	307	506	jingle	2	3	7	12	30	67	151	315	663
self-concept	0	0	2	10	36	137	377	897	1786	undergrowth	66	121	202	340	583	916	1463	2303	3484
minivan	19	39	60	85	137	226	400	684	1336	potency	1	3	8	25	116	375	857	1798	3142
hotline	0	0	0	0	0	0	3	18	86	mishap	3	4	7	10	13	23	49	123	314
aerobics	0	2	3	5	8	14	33	65	151	extortion	50	81	133	204	281	440	714	1169	1929
subset	1	4	17	72	254	602	1227	2195	3429	envoy	11	20	34	60	112	196	356	668	1165
pretest	0	0	0	9	44	157	408	961	1955	potash	267	392	551	756	1020	1347	1807	2554	3731
vibe	0	1	1	4	12	36	139	395	1096	ist	79	99	120	138	245	585	988	1409	1900
wetland	15	30	54	110	205	389	729	1332	2427	mistrust	5	19	28	56	125	257	547	1067	2012
sexism	2	7	28	94	219	483	932	1679	2810	spice	0	3	14	33	86	171	292	506	821
remediation	0	3	18	57	191	472	928	1654	2641	credibility	4	5	11	20	42	97	259	649	1385
whos	0	0	0	3	6	42	207	489	1069	chili	0	1	8	33	96	211	377	646	1107
mindset	4	8	49	176	480	1075	2021	3306	4851	parable	1	3	5	8	18	45	117	298	717
bandwidth	0	0	10	30	81	178	387	790	1550	subversion	59	133	277	506	875	1420	2301	3383	4779
vegan	2	19	55	122	222	330	471	677	1088	rarity	0	0	4	12	30	108	334	874	1971
coauthor	0	0	0	1	4	9	27	68	134	atheist	21	48	80	140	264	437	746	1323	2250
antioxidant	20	52	142	294	484	788	1137	1643	2422	inflammation	411	550	745	990	1314	1773	2296	3061	4086
deforestation	7	15	28	71	161	324	638	1247	2226	self-reliance	38	70	120	218	365	620	1035	1719	2636
mozzarella	256	337	425	572	755	1033	1510	2311	3662	accessory	0	0	0	0	2	8	35	201	669
pesto	355	450	587	758	1025	1426	2090	3256	5000	socket	28	99	233	482	852	1490	2324	3436	4897
biosphere	0	1	1	1	2	10	37	144	468	defection	1	4	14	26	51	139	285	627	1216
pts	0	0	0	1	1	1	2	7	27	ch	0	2	7	47	189	598	1096	1646	2264
startup	1	1	4	22	66	175	401	823	1599	exponent	12	19	41	94	207	440	859	1555	2548
replication	1	18	83	270	621	1197	1969	3018	4276	rattlesnake	10	24	59	129	306	599	1193	2160	3603
prosthesis	1	7	23	81	220	496	955	1700	2781	whirlpool	2	3	8	12	29	72	161	396	861
fundraiser	1	3	4	11	23	61	163	410	897	flirtation	3	4	6	10	22	57	160	388	954
chi-square	0	0	0	2	10	30	102	295	799	purgatory	0	0	1	6	11	20	62	170	444
postmodernism	26	57	109	226	429	774	1271	2019	3022	constellation	3	4	10	11	26	44	101	208	451
arugula	235	347	470	616	835	1161	1701	2547	3979	kernel	2	3	5	12	36	96	280	654	1320
aquaculture	1	7	26	61	153	305	612	1163	2072	theologian	69	107	179	276	453	690	1130	1759	2706
rainforest	0	0	3	11	21	70	179	448	953	repulsion	3	11	33	116	308	706	1373	2359	3582
cardio	0	0	1	1	5	8	30	86	275	pallet	26	50	89	170	360	696	1248	2099	3310
mind-set	0	2	4	6	25	120	368	987	2130	algebra	20	31	41	65	108	189	330	630	1112
percentile	0	0	0	0	3	15	32	78	183	allegation	21	34	68	122	251	496	935	1636	2719
taxonomy	0	3	7	33	104	237	505	1050	1860	openness	14	41	95	213	422	759	1315	2129	3226
trailhead	0	13	32	56	127	256	472	820	1341	durability	14	32	53	121	222	447	907	1699	3042
dumpster	6	30	82	241	529	1029	1838	2979	4560	decanter	109	183	271	411	705	1116	1794	2869	4294
cyber	0	0	0	0	0	1	6	31	144	boar	13	28	46	75	128	215	358	632	1254
caregiving	0	1	5	13	36	100	272	683	1451	misdemeanor	23	36	60	96	165	257	385	583	991
carcinoma	55	151	285	502	796	1084	1466	1996	2681	legitimacy	8	26	90	247	555	1076	1842	2858	4113
ricotta	331	439	583	767	1033	1490	2230	3391	5000	liturgy	19	32	50	109	187	347	626	1145	2049
methamphetamine	4	5	7	11	23	49	118	284	670	demoralization	8	23	58	114	214	422	821	1538	2606
payback	0	1	2	3	11	36	157	584	1468	ostrich	1	9	16	45	110	269	546	1037	1880
subgroup	1	1	11	41	113	329	730	1457	2537	scuffle	2	4	12	18	48	126	317	722	1561
facilitator	0	1	4	10	17	48	132	330	758	chronology	4	19	51	129	290	602	1114	1912	3025
daycare	3	6	10	21	38	78	167	350	763	burrow	0	5	14	55	170	414	883	1677	2893
dot-com	1	1	1	2	5	12	34	91	217	manger	0	1	1	1	11	27	75	261	781
predation	3	9	33	82	184	389	842	1641	2878	rhinoceros	44	70	111	170	279	488	816	1272	1939
canola	300	470	714	1046	1482	2041	2882	4069	5000	heron	4	9	30	63	110	237	526	1057	2054
moisturizer	3	7	14	27	83	183	388	799	1607	favoritism	17	40	79	145	277	533	969	1679	2771
weight-loss	0	0	0	3	13	22	60	153	352	forerunner	2	2	4	7	14	27	96	320	867
coursework	5	12	17	37	65	106	207	446	895	betrothal	5	7	10	19	45	97	191	362	712
spreadsheet	1	1	3	7	16	44	104	243	593	guillotine	1	2	3	4	7	15	27	64	157
midlife	0	1	2	3	5	20	65	210	588	travail	0	1	1	6	11	45	175	458	934
couscous	212	306	407	510	667	886	1233	1785	2849	renegade	2	7	10	22	52	151	329	656	1261
nanotechnology	3	12	24	54	100	233	523	1052	1927	subject-matter	204	414	736	1175	1841	2698	3773	5000	5000
homophobia	5	10	36	110	265	585	1083	1925	3071	astrologer	0	0	3	8	18	40	99	270	624
inpatient	11	18	30	52	139	304	585	1056	1859	storehouse	3	3	3	7	12	23	42	120	321
pathogen	55	95	204	405	708	1115	1673	2403	3471	cobbler	4	6	16	38	76	150	258	516	1095
optimization	31	98	234	521	993	1744	2686	3854	5000	condensation	207	452	792	1283	1981	2927	4037	5000	5000
poetics	15	57	125	278	570	996	1596	2429	3565	crutch	0	1	3	9	22	101	294	700	1533
aka	0	0	1	1	3	12	68	241	669	cf	1	1	1	7	55	248	676	1368	2415
risotto	229	315	416	545	734	1017	1615	2741	4499	blister	0	0	1	5	32	109	346	918	2102
functionality	6	19	54	161	419	896	1772	3045	4696	truthfulness	44	85	176	307	518	853	1360	2106	3162
epicenter	0	0	1	1	5	20	91	258	707	gymnastics	7	13	16	34	58	111	229	443	849
finalist	0	1	3	6	13	30	82	174	370	seduction	3	12	33	70	145	318	611	1113	2067
dopamine	25	64	147	321	600	961	1424	2029	2856	paymaster	5	5	7	21	56	119	225	462	910
encryption	0	1	5	27	78	193	443	956	1915	connoisseur	1	5	12	32	78	156	359	717	1426
practicum	1	2	8	21	48	82	219	456	1042	sediment	43	87	184	387	725	1270	2103	3224	4701
e-commerce	4	13	35	80	151	320	607	1110	1931	grasshopper	1	7	14	46	91	181	406	847	1776
test-retest	0	0	0	0	1	23	119	364	1025	dissection	0	1	4	14	57	210	591	1320	2426
subtest	0	0	0	13	50	153	437	1053	2181	newness	5	13	31	92	200	420	785	1391	2357
connector	3	21	61	126	261	466	822	1371	2254	reprimand	4	8	13	17	34	72	172	402	838
meta-analysis	0	0	2	15	50	119	341	765	1476	hallucination	9	19	49	155	403	811	1486	2529	3934
lasagna	224	300	409	521	673	956	1452	2285	3773	striker	0	0	0	6	27	75	234	619	1479
lambda	0	0	1	1	7	29	62	121	294	clove	0	0	1	7	20	58	152	368	805
pixel	7	26	51	114	207	384	705	1245	2081	wasn	12	12	12	17	33	85	216	462	924
blogger	4	5	13	22	60	127	297	641	1238	raisin	3	13	38	142	327	599	939	1409	2099
hyperactivity	2	13	54	105	243	432	671	1055	1764	starting-point	0	1	4	29	102	318	755	1529	2733
neuroscience	32	50	68	99	171	277	441	728	1235	fabrication	0	0	1	5	11	35	145	438	1090
karaoke	0	1	12	32	77	200	413	906	1817	camphor	96	195	334	559	935	1437	2069	2960	4186
steelhead	14	18	37	53	97	145	255	480	972	cannibal	0	2	7	15	38	106	223	458	983
veggie	57	114	205	318	454	662	973	1546	2598	probate	16	26	51	80	143	246	437	730	1297
connectivity	1	4	17	49	155	357	826	1651	2925	honeysuckle	134	212	328	476	729	1122	1721	2603	3875
free-agent	0	2	4	16	33	65	94	162	307	instalment	2	7	14	36	94	203	388	670	1203
camcorder	2	7	28	52	115	223	414	820	1512	smuggler	5	10	25	52	104	218	439	902	1711
self-worth	2	8	13	35	91	214	499	1004	1845	hesitancy	6	15	25	39	88	175	363	740	1348
derailleur	1	5	12	33	87	195	419	867	1706	wonderment	11	21	28	54	100	175	338	704	1382
tinnitus	6	23	71	152	281	477	728	1112	1756	javelin	15	27	47	86	138	258	469	869	1548
jalapeno	318	426	571	788	1051	1498	2251	3439	5000	trumpeter	0	3	8	22	45	111	274	649	1394
firestorm	1	2	4	8	18	43	115	277	643	mackerel	18	31	54	105	218	356	613	1026	1779
chemo	1	5	21	63	153	310	544	890	1726	girth	0	1	8	36	76	179	403	795	1436
countertop	66	123	255	487	842	1411	2203	3408	4871	camp-fire	3	6	22	51	118	289	600	1234	2235
aquifer	7	18	34	65	122	221	392	763	1451	seeker	1	1	2	3	8	17	43	95	259
workstation	1	4	13	33	82	222	454	895	1668	pacification	14	44	114	206	383	667	1141	1806	2777
no-fly	2	6	15	30	70	138	323	648	1177	gloss	0	2	4	8	15	47	126	350	785
discriminant	0	0	4	19	67	250	629	1431	2805	hopefulness	20	48	97	218	388	685	1101	1716	2571
upfront	0	0	15	55	117	256	524	1014	1883	caliph	12	21	27	62	112	193	303	538	949
detainee	0	0	4	7	29	97	259	584	1199	theorist	81	150	270	469	857	1454	2295	3483	5000
lymphoma	82	146	240	374	536	765	1069	1448	1947	subsoil	56	101	177	326	578	989	1653	2576	3907
superhero	1	1	2	18	74	183	507	1153	2268	cerebellum	467	708	1041	1484	2080	2856	3805	4978	5000
low-sodium	208	341	538	790	1160	1644	2494	3828	5000	indorsement	5	7	30	71	165	372	741	1331	2269
hypothermia	6	11	42	122	228	400	663	1043	1743	unpopularity	6	21	52	116	309	655	1216	2068	3330
synergy	0	0	0	6	14	60	236	753	1723	encore	253	380	613	856	1120	1424	1730	2159	2817
no-brainer	0	0	0	0	3	17	43	143	536	down-stairs	10	27	54	132	278	594	1159	2104	3412
airfare	1	2	4	9	12	28	60	162	376	lullaby	18	38	71	125	242	407	695	1172	2086
forensics	1	2	2	5	11	38	96	268	647	sulphate	834	1060	1374	1802	2375	3142	4059	5000	5000
subtext	1	5	18	101	305	696	1473	2577	4162	scurvy	12	33	58	107	174	254	387	560	828
kayaking	5	8	15	25	54	84	188	404	835	mermaid	0	0	6	24	85	222	577	1343	2732
apnea	111	201	325	463	625	842	1140	1555	2250	emir	11	15	24	36	56	94	165	290	544
coworker	0	0	4	10	18	57	200	572	1393	zoology	89	115	160	233	369	594	964	1651	2788
largemouth	17	26	41	60	88	161	286	559	1167	wheelwright	1	4	8	12	39	102	237	575	1198
gamma-ray	24	42	91	153	249	433	711	1242	2128	divination	8	16	39	102	301	747	1543	2725	4378
stressor	0	0	0	5	32	116	338	837	1618	gridiron	0	0	0	4	17	34	88	213	466
tomography	0	5	19	79	214	495	982	1701	2670	punctuation	6	12	29	55	90	177	336	610	1235
pager	4	12	19	30	67	122	242	493	974	caro	0	0	1	10	47	227	579	1098	1825
oncology	32	38	63	100	161	251	410	641	1045	bailiff	1	5	10	21	50	106	238	506	1047
motivator	0	0	0	3	10	31	86	288	747	journeyman	20	26	46	77	120	206	376	664	1201
stakeholder	0	1	11	53	165	422	879	1518	2525	retrenchment	43	101	198	414	771	1256	1982	3012	4324
co-chair	10	18	31	59	118	186	312	519	902	genealogy	1	4	5	15	44	97	260	542	1166
firewall	0	0	0	0	0	8	20	106	331	compost	35	73	150	302	599	1064	1767	2742	4077
snowboard	1	1	1	3	7	21	46	107	289	regulator	32	79	173	322	662	1251	2145	3331	4903
drywall	25	67	119	243	433	764	1302	2147	3393	breech	24	60	107	252	486	813	1278	2038	3142
downtime	0	0	0	4	22	84	290	810	1811	godmother	2	6	17	35	92	228	495	1045	1992
affordability	1	7	19	43	144	331	658	1217	2047	impersonation	8	19	63	154	347	662	1215	2053	3311
cappuccino	31	60	109	197	339	556	912	1459	2562	inoculation	146	244	386	568	807	1151	1676	2490	3768
renewables	1	9	32	97	209	478	853	1415	2383	uselessness	14	26	52	147	293	532	966	1620	2613
reinvention	0	0	2	11	48	194	521	1175	2242	definiteness	96	229	471	832	1347	2068	3062	4320	5000
childcare	4	9	18	36	69	128	274	568	1066	canister	31	58	113	198	386	743	1416	2389	3790
texting	0	0	0	0	0	5	23	92	351	mimicry	15	36	96	279	560	1005	1714	2794	4270
ultralight	0	0	12	38	106	266	560	1118	2045	sociability	10	20	40	73	147	282	551	1046	1839
moniker	4	5	9	9	9	16	40	105	415	bleach	21	77	186	380	704	1153	1848	2890	4325
pulsar	18	38	80	136	240	418	698	1204	2085	caper	0	0	0	6	34	109	327	879	1938
antidepressant	31	62	122	236	387	614	918	1369	2159	sub-committee	16	23	47	96	216	420	769	1289	2024
fine-tuning	0	0	10	53	189	490	1076	2035	3495	merchantmen	32	51	77	114	184	286	462	729	1138
wild-card	12	20	36	54	86	145	228	344	571	mainsail	101	133	195	314	474	755	1225	1997	3146
t-test	0	0	1	1	8	42	176	533	1320	mogul	1	1	4	5	12	33	86	186	451
latte	9	18	39	88	191	365	688	1317	2480	spec	27	78	190	380	637	1014	1635	2488	3656
salience	21	74	198	437	862	1510	2371	3485	4963	skeptic	45	71	113	208	418	809	1432	2418	3780
antivirus	0	0	0	4	8	30	101	319	796	touchstone	1	2	19	92	305	754	1549	2704	4408
genomics	2	10	17	36	61	105	214	456	997	terrapin	17	60	142	251	421	683	1120	1866	3194
shallot	275	395	579	829	1226	1873	2964	4701	5000	angler	1	1	3	5	7	17	53	116	272
biodiesel	7	15	31	85	194	395	754	1243	2028	autocrat	0	1	1	2	7	24	66	174	453
malware	0	0	0	0	5	18	79	241	658	surname	6	7	8	14	54	142	340	837	1888
oncologist	22	32	58	98	151	263	437	714	1166	substratum	37	176	417	862	1496	2347	3437	4734	5000
bioethics	14	29	49	97	195	381	685	1239	2164	smattering	0	0	0	3	4	13	36	88	242
melatonin	26	71	156	350	625	973	1454	2156	3075	marksman	13	23	45	97	176	317	630	1219	2191
add-on	0	2	11	51	140	348	705	1388	2466	archery	7	12	19	31	66	103	155	277	539
triathlon	1	6	10	22	43	76	124	233	466	confidante	3	13	33	85	169	341	651	1136	2022
chalkboard	2	3	10	36	83	203	504	1055	2006	men-of-war	49	78	113	169	265	416	610	947	1466
playbook	0	0	0	0	1	3	21	106	325	redness	77	150	280	537	978	1712	2855	4315	5000
biota	14	39	108	277	588	1088	1795	2781	4003	basalt	243	389	635	1003	1568	2342	3339	4536	5000
sobre	1060	1235	1455	1659	1873	2184	2565	3152	4020	thong	107	197	357	649	1005	1481	2209	3196	4525
telemarketing	1	2	10	20	70	171	368	717	1347	physiologist	86	137	195	291	509	869	1576	2571	3998
deep-sky	0	0	1	4	15	36	75	187	445	lexicon	14	25	48	119	260	504	979	1695	2898
lube	0	0	8	25	93	265	584	1272	2349	hee	0	2	2	14	72	228	603	1224	1975
metadata	0	0	0	0	12	33	124	343	855	essayist	93	154	261	433	687	1115	1719	2568	3855
baguette	218	333	500	739	1132	1840	2976	4721	5000	serfdom	16	28	60	119	244	451	827	1418	2357
keyword	0	0	0	0	0	3	6	34	111	hatter	0	1	8	23	115	311	668	1230	2249
hydration	0	0	5	24	99	285	689	1418	2592	helmsman	27	50	100	157	243	369	578	951	1615
otitis	142	239	364	557	809	1125	1566	2202	3201	snipe	4	21	37	74	126	251	481	917	1726
tamoxifen	94	175	316	524	771	1074	1516	2142	3194	apotheosis	2	12	41	108	245	567	1127	1933	3204
nano	0	0	0	3	8	49	166	485	1123	hasn	7	11	12	14	25	84	244	538	1049
cortisol	131	249	449	721	1077	1556	2168	3039	4298	porpoise	4	11	30	80	160	318	640	1179	2138
ibuprofen	92	170	304	501	762	1137	1658	2434	3655	mainspring	1	1	3	4	14	64	242	684	1609
bulimia	4	13	43	109	199	324	489	763	1189	lunacy	2	3	5	14	26	45	107	243	585
transducer	164	266	412	674	1019	1514	2257	3250	4664	broomstick	2	15	71	245	661	1468	2587	4118	5000
pedophile	0	3	15	38	81	166	433	953	1844	ill-health	16	33	89	173	336	576	935	1588	2498
blogging	0	0	0	0	2	14	51	177	534	granary	0	0	1	6	20	52	136	365	746
subsystem	18	61	170	409	802	1397	2200	3250	4445	schoolmate	33	67	126	236	407	704	1125	1750	2632
e-book	0	1	4	9	16	34	69	149	329	foray	2	2	6	11	23	54	126	297	629
joystick	17	38	111	211	432	731	1184	1921	2934	noblesse	3	4	7	20	65	218	541	1147	2148
eyeliner	4	17	63	157	335	609	976	1681	2914	dispenser	0	0	0	1	3	9	36	92	293
ecclesiology	39	105	240	431	784	1307	2087	3076	4421	antechamber	29	46	68	128	239	397	732	1250	2122
cell-phone	1	2	2	10	14	34	73	157	341	commutation	9	24	58	121	244	479	868	1488	2460
timeout	0	0	2	7	20	51	102	194	406	lioness	11	17	33	78	155	341	674	1298	2429
clubhead	2	7	28	66	195	509	1070	2096	3707	hatchway	216	389	654	1099	1635	2332	3297	4556	5000
covariate	2	6	35	119	355	820	1521	2533	4004	coxswain	9	20	48	91	183	308	508	887	1519
seafloor	32	78	155	328	634	1166	1953	3087	4582	furlong	1	1	1	5	15	67	239	648	1476
tradeoff	2	5	33	108	339	781	1458	2538	4050	predicate	272	473	787	1268	1998	2957	4168	5000	5000
overfishing	4	6	20	52	134	297	602	1192	2145	revocation	39	75	146	265	476	806	1336	2068	3147
osteoarthritis	136	222	341	477	668	904	1245	1802	2634	excommunication	6	13	28	70	150	307	650	1222	2086
spyware	0	0	0	0	4	25	102	322	870	oddity	14	28	68	168	372	730	1366	2380	3855
miso	354	517	728	1014	1403	1931	2721	3910	5000	thyme	321	465	664	914	1234	1730	2445	3477	5000
personhood	111	256	499	848	1354	2044	2943	4081	5000	pawnbroker	12	28	60	123	226	435	855	1581	2763
covariance	1	2	9	43	153	429	975	1919	3438	bluntness	39	91	155	277	453	721	1149	1832	2871
burrito	26	71	132	229	369	585	958	1723	3077	idiocy	9	29	77	167	337	662	1154	1889	2987
anti-terrorism	25	46	99	190	340	589	969	1482	2276	sentimentalist	58	111	190	307	534	939	1681	2807	4387
glam	2	3	19	74	181	444	1028	2120	3958	shire	1	4	6	8	14	26	68	190	425
clubface	0	4	10	33	73	198	446	976	1967	saunter	0	2	6	22	76	218	548	1158	2228
bioterrorism	0	0	1	13	45	133	351	741	1402	tete-a-tete	3	7	18	36	85	185	407	854	1623
cookware	9	21	52	135	300	603	1092	1912	3094	wellbeing	37	90	213	459	872	1540	2528	3718	5000
outage	0	2	4	13	32	96	261	582	1248	gypsum	184	310	517	787	1180	1746	2460	3495	4835
bycatch	1	1	8	14	39	82	192	464	1102	siesta	2	3	8	17	42	77	172	460	1159
redshirt	4	9	16	31	62	118	219	459	1035	chattel	0	1	8	18	39	89	213	481	1083
guacamole	308	432	566	699	942	1359	2084	3399	5000	abrogation	181	343	603	997	1551	2308	3216	4390	5000
bottom-up	12	59	155	346	727	1287	2093	3170	4538	cocoanut	84	189	387	680	1128	1763	2736	4082	5000
oxymoron	4	9	30	93	245	587	1230	2288	3768	surfeit	0	3	7	21	51	175	445	1031	2076
near-death	0	0	4	9	23	99	270	655	1440	tambourine	46	75	113	180	318	587	1135	2123	3720
ex-boyfriend	10	20	54	109	256	542	1088	2043	3390	half-brother	47	71	113	199	346	610	968	1584	2507
weightlifting	0	1	7	12	19	48	85	166	303	smoking-room	26	38	82	152	276	497	884	1569	2598
stem-cell	0	0	0	0	2	24	94	314	800	steersman	44	91	154	235	383	648	1098	1853	2982
quinoa	504	686	882	1195	1676	2405	3477	5000	5000	curio	1	2	6	22	66	140	361	826	1753
keypad	25	41	92	181	345	618	1094	1847	3004	corolla	511	813	1289	1981	2918	4091	5000	5000	5000
self-care	4	9	36	109	249	518	1025	1822	2995	fastness	0	0	3	7	33	123	336	772	1619
folate	17	34	62	147	303	538	888	1350	1992	guano	11	32	68	147	332	652	1153	1968	3187
narratology	26	63	132	249	449	828	1424	2390	3885	merchantman	54	76	109	162	242	363	540	789	1267
rollover	1	1	1	12	37	112	349	772	1545	ferryman	3	8	24	70	156	337	683	1347	2371
ex-girlfriend	9	28	56	140	332	721	1491	2565	4043	domestication	20	48	137	300	623	1225	2121	3400	4966
gangsta	2	4	13	24	58	167	474	1051	2163	trefoil	0	0	0	1	4	21	99	387	1044
phyllo	181	320	533	831	1287	2014	3107	4540	5000	mille	17	128	316	474	638	878	1191	1630	2242
homecare	3	9	19	38	73	177	344	667	1235	butternut	20	51	139	318	594	1115	1917	2994	4523
telecommuting	0	1	5	28	79	208	465	925	1602	story-telling	3	5	13	40	112	300	616	1192	2095
metastasis	72	158	290	473	736	984	1328	1828	2612	parallelism	374	654	1024	1631	2368	3407	4677	5000	5000
hardcopy	0	0	0	4	18	47	143	422	1202	horoscope	0	0	0	1	3	12	40	121	447
bungee	4	12	43	112	315	754	1570	2752	4287	skein	8	12	19	34	66	147	319	653	1385
partial-birth	15	27	55	110	217	417	774	1411	2459	sentimentalism	117	208	356	593	977	1500	2262	3271	4446
techno	9	19	32	60	107	225	423	841	1596	thorax	571	776	1075	1515	2156	3062	4217	5000	5000
jihadist	3	5	8	30	83	173	355	706	1394	swordsman	6	17	28	65	131	280	492	985	1850
conferencing	0	1	7	23	60	150	357	704	1354	childishness	292	498	800	1193	1669	2373	3251	4436	5000
detox	0	0	1	4	10	31	78	177	435	alum	394	590	817	1106	1444	1929	2593	3647	5000
collider	3	5	21	40	94	200	459	881	1625	hostelry	14	36	91	150	277	482	858	1486	2592
shoulder-width	1	11	47	156	351	728	1391	2517	4239	convertibility	27	80	210	477	910	1569	2507	3758	5000
biofeedback	8	25	58	130	271	515	879	1430	2265	leave-taking	3	5	15	36	87	194	461	976	1899
chainsaw	2	5	15	38	118	300	749	1569	2926	colonist	0	1	5	12	42	99	236	569	1233
worksheet	1	4	8	17	55	130	330	681	1411	ostracism	12	34	99	235	490	924	1646	2720	4134
grunge	0	1	3	9	25	81	218	545	1346	ochre	78	176	381	720	1282	2137	3229	4556	5000
shiitake	307	480	732	1091	1575	2291	3189	4662	5000	neuralgia	192	293	421	559	715	959	1291	1844	2874
halogen	57	121	233	475	840	1466	2415	3716	5000	amulet	2	13	26	56	161	355	749	1512	2754
concealer	2	5	10	28	82	201	493	1114	2244	banisters	128	241	433	775	1326	2088	3074	4354	5000
redshift	37	77	145	250	434	763	1277	2125	3295	turnkey	12	22	57	109	242	492	1029	1878	3177
futon	74	137	249	472	859	1494	2346	3573	5000	marl	104	170	255	424	734	1243	1975	2898	4177
byte	0	0	4	15	48	112	308	677	1368	ane	0	3	10	40	70	134	272	571	1205
pancetta	432	596	812	1155	1745	2699	4224	5000	5000	schafft	2	8	27	82	191	466	962	1776	2966
winemaker	0	0	2	5	21	85	241	563	1330	exactitude	29	62	134	249	516	1009	1689	2768	4125
seatpost	0	1	11	33	88	195	496	1093	2248	alluvium	241	403	667	1006	1513	2215	3271	4670	5000
single-payer	0	1	7	18	63	128	284	579	1064	semi-circle	14	34	93	238	512	981	1694	2756	4138
pre-test	0	0	0	6	25	104	336	782	1705	doubloon	21	49	95	176	341	680	1374	2488	3981
copycat	0	0	0	3	24	70	227	608	1377	cohort	0	1	1	7	37	138	430	1098	2332
interrater	0	2	11	36	108	291	743	1634	3146	worshiper	4	17	41	112	257	548	1129	2127	3524
signage	0	1	2	6	26	83	247	597	1262	icicle	5	22	77	231	561	1173	2235	3686	5000
collegiality	9	18	53	144	348	768	1496	2568	4006	window-seat	196	346	598	976	1537	2333	3391	4736	5000
hummus	409	525	681	867	1153	1655	2522	3869	5000	frill	163	276	429	676	1055	1660	2549	3832	5000
celeb	0	0	1	6	22	82	220	621	1422	deux	953	1183	1380	1572	1793	2063	2401	2824	3611
smartphone	1	4	15	39	77	185	401	883	1718	heliotrope	249	420	637	983	1456	2135	3127	4359	5000
tempeh	374	484	640	850	1198	1631	2312	3373	5000	pincers	35	84	233	445	811	1345	2148	3326	4807
bulgur	101	188	274	392	562	761	1137	1777	2941	antic	0	0	1	11	36	75	186	419	942
self-perception	1	6	17	86	267	608	1278	2305	3685	re-establishment	42	114	281	544	947	1503	2336	3470	4751
menorah	1	1	4	21	73	196	466	1006	2088	akimbo	89	215	447	778	1304	1993	2982	4331	5000
yellowfin	24	42	62	103	190	359	723	1342	2338	carbuncle	0	0	1	8	28	100	317	848	1829
mimesis	154	354	672	1145	1789	2718	3871	5000	5000	joiner	26	46	72	119	209	364	696	1309	2525
fossa	151	238	359	518	725	1010	1474	2294	3598	coffer	0	0	12	53	172	505	1240	2467	4313
neuroscientist	25	36	60	104	142	228	392	634	1145	stepping-stone	1	1	1	2	16	82	242	663	1599
marinara	511	658	873	1165	1650	2440	3784	5000	5000	sobriquet	4	4	4	6	9	19	61	194	579
hijab	0	1	2	9	27	87	222	481	1148	petrel	27	77	153	229	364	557	855	1339	2095
goalkeeper	1	4	23	49	93	171	286	563	1223	nonentity	0	4	11	32	88	241	595	1326	2552
weeknight	1	3	6	15	35	70	167	366	722	feldspar	977	1347	1809	2442	3170	4074	5000	5000	5000
wormhole	3	6	27	95	276	666	1405	2644	4385	albumen	1465	1910	2440	3093	3921	4978	5000	5000	5000
feedstock	80	201	369	655	1096	1613	2356	3377	4724	exhalation	26	65	157	343	692	1270	2237	3619	5000
longline	1	8	23	69	180	406	841	1629	2834	wouldnt	453	701	1006	1405	1884	2478	3362	4454	5000
single-sex	1	3	10	25	55	105	217	495	1049	peroration	9	20	30	59	116	262	541	1082	2013
uptick	6	13	18	27	50	106	221	497	1033	garde	579	750	963	1255	1559	1865	2295	2885	3829
paralegal	4	10	24	57	134	287	547	1032	1831	one-horse	11	14	23	60	111	230	429	842	1577
factorial	0	2	7	59	201	525	1083	1946	3282	repeller	59	146	289	530	871	1369	2072	3124	4561
headlamp	8	26	86	283	666	1314	2211	3434	4945	lossing	1	1	6	16	56	177	445	1032	1940
aromatherapy	4	14	34	70	155	322	702	1352	2579	adulteration	54	176	400	763	1325	2218	3370	4925	5000
nonattainment	1	4	25	87	266	665	1393	2550	3956	misadventure	3	5	7	18	58	144	377	920	1994
lycopene	156	293	489	731	1028	1450	1996	2703	3831	ignoramus	92	133	218	373	590	968	1679	2727	4339
off-the-shelf	11	33	95	204	406	764	1322	2112	3276	idiosyncrasy	41	146	412	857	1571	2550	3803	5000	5000
focuser	49	116	192	333	569	975	1593	2554	4062	patois	10	15	19	25	41	98	212	461	1049
subsample	0	0	11	50	126	350	862	1705	3069	centipede	7	28	62	154	360	701	1349	2389	3911
focalization	22	82	214	427	806	1462	2505	4117	5000	resuscitation	1	1	4	29	81	244	573	1188	2278
ethicist	7	23	34	70	141	247	475	832	1433	pickerel	84	145	267	484	873	1524	2479	3847	5000
droid	0	0	7	17	28	97	231	592	1343	suet	414	546	719	929	1221	1659	2311	3321	4812
decaf	93	169	280	424	643	1001	1693	2748	4271	pupa	118	198	350	581	969	1495	2212	3244	4682
germplasm	0	3	7	35	106	263	557	1149	2113	denudation	241	443	783	1302	2020	2954	4098	5000	5000
night-vision	7	15	30	62	134	260	475	892	1617	reanimation	0	0	7	38	161	450	1092	2156	3804
roadmap	1	3	10	32	103	228	497	922	1639	wanter	1030	1336	1758	2280	2931	3728	4730	5000	5000
returner	26	42	69	89	134	201	299	457	869	tourney	16	34	59	93	161	275	431	693	1220
podcast	1	1	3	13	28	69	159	346	736	shaver	0	0	1	6	27	111	373	953	2009
vez	1372	1574	1805	2081	2465	2927	3674	4739	5000	ele	0	0	2	5	20	60	127	275	671
storyline	1	2	6	9	36	103	249	599	1349	distillery	10	16	33	92	209	441	935	1759	3091
chorizo	374	489	638	870	1200	1867	3058	4780	5000	theism	318	492	734	1132	1672	2439	3457	4806	5000
seatbelt	49	125	264	520	940	1546	2449	3693	5000	exegesis	47	117	207	404	694	1203	1962	3017	4437
transboundary	0	0	4	13	51	194	501	1196	2270	meetinghouse	11	15	31	59	112	224	423	746	1333
mindfulness	0	2	21	71	226	550	1132	2073	3473	defamation	8	22	42	101	205	377	699	1252	2184
peptide	343	577	835	1147	1497	1894	2423	3071	3879	truism	2	13	39	115	277	661	1237	2184	3507
toolbar	0	0	1	1	9	39	144	466	1206	jerkin	475	660	983	1418	2088	3000	4288	5000	5000
wasabi	489	674	932	1303	1819	2559	3761	5000	5000	myrrh	101	202	363	643	1046	1627	2440	3663	5000
e-books	0	1	6	19	42	93	202	476	1079	bassoon	75	122	174	248	349	523	830	1416	2683
midrange	0	4	10	49	141	311	611	1182	2131	gizzard	66	190	435	848	1506	2439	3705	5000	5000
hairstylist	1	1	3	13	46	124	322	746	1498	incoherence	69	198	429	811	1365	2149	3159	4361	5000
rollout	0	0	2	8	42	125	323	681	1305	sutler	0	1	2	13	41	133	360	840	1800
low-intensity	0	0	0	4	9	25	79	278	787	retrogression	117	275	598	1132	1944	3014	4332	5000	5000
mixed-use	10	16	31	52	86	169	352	734	1450	giddiness	141	236	395	706	1115	1744	2651	3872	5000
motherboard	7	21	54	145	317	580	994	1748	2984	neckerchief	573	762	1031	1411	1975	2771	3792	5000	5000
perfusion	231	459	768	1159	1634	2221	2949	3943	5000	gelatine	636	945	1324	1820	2496	3324	4330	5000	5000
takeaway	0	0	1	3	5	12	51	217	709	equinox	13	19	39	82	149	287	602	1118	2134
radicchio	294	428	621	844	1183	1743	2623	4137	5000	shot-gun	32	52	102	194	366	707	1368	2367	3748
wideout	21	29	53	83	120	175	268	437	783	madcap	2	8	24	65	160	368	726	1344	2337
contrarian	0	0	4	8	42	134	342	804	1618	slenderness	88	150	272	467	814	1376	2198	3407	5000
out-of-wedlock	6	16	39	82	151	314	613	1235	2221	tortoise-shell	389	661	984	1431	2082	2900	3965	5000	5000
sunblock	4	8	15	42	100	292	632	1267	2381	ambrosia	48	125	258	471	769	1231	2020	3261	5000
low-dose	234	409	674	974	1298	1706	2255	3044	4087	schemer	18	40	98	202	382	671	1225	2125	3476
ergonomics	0	4	17	51	150	354	757	1453	2445	witticism	9	24	57	117	242	523	1063	1991	3485
lemongrass	645	909	1264	1755	2499	3642	5000	5000	5000	life-work	1	4	10	40	121	373	897	1836	3227
camo	96	179	299	465	761	1246	2104	3261	4851	acta	69	224	522	938	1492	2095	2892	3938	5000
quartile	1	2	8	25	68	176	441	926	1792	solstice	14	24	49	95	188	400	793	1623	2927
tendinitis	9	14	32	88	174	334	588	1012	1805	curmudgeon	35	73	172	365	772	1401	2382	3785	5000
desde	1374	1564	1787	2042	2372	2808	3402	4328	5000	signer	0	0	5	28	78	250	583	1251	2332
roadie	1	2	21	109	377	986	2053	3614	5000	whelp	142	282	516	894	1450	2127	3048	4176	5000
varimax	0	2	14	93	271	624	1331	2472	4238	plantain	661	924	1300	1852	2602	3652	4934	5000	5000
biofuel	23	59	121	258	541	999	1635	2512	3713	finisher	0	1	2	5	20	66	197	528	1339
webcam	1	6	13	32	59	131	252	507	1005	auger	26	67	158	332	598	1047	1831	2908	4441
contestation	6	22	97	301	704	1331	2299	3590	5000	peacefulness	50	112	201	371	676	1117	1718	2557	3827
seagrass	34	97	223	461	865	1389	2241	3425	5000	dumpling	134	246	439	776	1381	2360	3781	5000	5000
right-click	0	1	1	1	4	14	52	178	581	receivable	105	177	314	524	863	1411	2242	3451	5000
drawdown	17	35	83	162	375	747	1363	2403	3842	manikin	1	4	11	39	138	362	891	1956	3589
orienteering	0	0	2	11	21	37	72	138	301	parishioner	2	5	13	29	75	148	327	728	1410
aftermarket	9	44	114	259	464	812	1372	2183	3399	wastefulness	91	186	379	705	1147	1789	2691	3879	5000
cultivar	23	65	165	293	442	691	1048	1645	2665	suasion	1	3	9	37	137	418	1020	2086	3578
tilapia	76	169	313	510	774	1213	1758	2552	3661	phantasy	10	48	170	409	853	1541	2525	3857	5000
skinhead	1	2	8	32	79	193	441	1022	2108	sky-line	83	177	354	643	1044	1662	2555	3680	5000
frontman	2	6	10	24	74	188	457	1060	2167	onehalf	51	103	183	294	529	897	1528	2510	3931
at-bat	31	44	76	113	190	302	581	1185	2367	charg	11	20	43	98	244	598	1226	2228	3566
bifida	70	160	259	360	541	801	1128	1693	2645	sedge	372	623	963	1481	2291	3219	4432	5000	5000
endometriosis	450	612	799	1038	1360	1842	2596	3705	5000	hypochondriac	11	27	63	142	339	716	1335	2353	3820
fettuccine	486	637	807	1080	1542	2354	3735	5000	5000	note-books	12	18	32	61	113	218	405	781	1572
allele	15	66	206	438	713	1108	1635	2296	3196	relict	0	1	3	19	43	120	318	704	1382
hatchback	8	19	31	54	85	168	324	687	1519	monotheism	313	535	834	1250	1872	2672	3691	5000	5000
bodybuilding	0	0	1	4	16	36	88	209	511	investiture	16	37	71	135	258	495	909	1561	2595
musics	0	0	4	18	43	145	398	929	1878	earldom	12	17	37	61	109	206	361	699	1232
soft-tissue	431	660	977	1360	1851	2418	3118	4065	5000	obtuseness	284	484	756	1103	1572	2221	3038	4088	5000
wiki	0	0	0	3	13	45	136	378	934	ani	1	2	3	19	74	245	690	1493	2834
carpool	0	2	7	24	54	112	237	527	1107	parvenu	5	9	22	58	148	349	782	1603	2909
ulama	3	9	27	82	200	438	894	1664	2879	meme	1431	1608	1813	2040	2339	2732	3336	4236	5000
self-promotion	5	26	78	184	390	730	1370	2341	3724	intellectuality	377	688	1123	1745	2541	3466	4633	5000	5000
winemaking	0	0	1	6	21	79	205	604	1533	disavowal	45	125	276	609	1127	1938	2984	4267	5000
scallion	675	955	1406	2040	2932	4237	5000	5000	5000	deadness	91	223	433	788	1306	2069	3060	4336	5000
understory	142	243	428	723	1107	1639	2453	3562	5000	music-room	65	126	236	403	723	1195	1940	3075	4608
lutein	140	304	517	827	1278	1808	2479	3426	4660	croup	63	106	166	253	393	577	890	1479	2617
remix	0	1	8	23	55	134	269	553	1140	lege	19	56	135	321	611	1083	1747	2648	3848
fibromyalgia	200	302	414	559	727	990	1344	1865	2797	interregnum	2	10	36	114	310	723	1500	2662	4181
arrhythmia	355	485	653	878	1137	1548	2163	3156	4703	alchemist	6	13	40	103	229	506	1061	1989	3542
handover	5	14	32	83	166	329	613	1125	1955	jewellery	25	46	110	218	382	657	1032	1586	2520
inbox	0	0	1	3	8	25	65	155	446	cava	2	3	4	13	63	169	396	958	2166
reboot	0	0	0	1	3	16	74	283	811	dorme	16	29	69	170	400	837	1510	2528	3942
lithium-ion	34	93	192	376	696	1177	1885	2849	4217	hocus-pocus	8	11	28	49	120	311	721	1527	2917
fatwa	2	9	21	66	205	493	995	1820	3115	wort	0	0	0	1	9	64	219	693	1722
workfare	15	29	58	137	281	496	874	1499	2456	arrowroot	443	666	936	1275	1730	2313	3079	4237	5000
dial-up	0	1	3	16	40	117	293	690	1469	toiler	2	4	11	19	33	84	202	482	1086
voicemail	4	4	10	22	40	87	223	508	1161	falseness	58	159	317	581	1033	1639	2392	3431	4781
non-district	8	17	29	60	103	221	414	797	1673	interpolation	70	177	383	763	1374	2251	3402	4985	5000
burqa	0	0	1	8	28	75	205	485	1116	baize	231	475	823	1317	1973	2791	3833	5000	5000
student-teacher	1	1	6	17	49	181	485	1014	1976	suggestiveness	169	358	627	1092	1712	2625	3760	5000	5000
adobo	365	525	755	1141	1736	2857	4539	5000	5000	hussar	18	51	113	213	366	592	997	1668	2766
chiasmus	24	73	187	477	977	1843	3077	4808	5000	cormorant	8	30	77	140	249	445	794	1457	2694
nachos	219	323	447	619	875	1391	2253	3606	5000	pewee	0	0	6	18	65	233	649	1449	2729
endoscopy	85	180	320	538	845	1218	1718	2338	3189	bay-window	309	552	910	1397	2068	2977	4115	5000	5000
dataset	4	11	34	125	402	930	1833	3040	4654	haunch	60	145	354	691	1246	2077	3291	4809	5000
polymerase	91	230	435	738	1131	1636	2282	3100	4256	twentyone	11	15	24	38	75	190	413	846	1655
high-efficiency	144	266	472	770	1182	1751	2480	3424	4684	utilitarianism	421	692	1067	1603	2257	3177	4263	5000	5000
comorbidity	76	165	306	503	810	1247	1996	3066	4510	expressman	5	19	39	93	207	509	1045	2011	3519
prion	406	681	1031	1411	1826	2364	3060	4007	5000	gusset	40	117	283	631	1173	2020	3093	4487	5000
koi	0	2	4	22	72	197	487	1058	2132	fil	1590	1916	2314	2867	3576	4566	5000	5000	5000
geoengineering	0	0	13	46	165	489	1051	1962	3346	speech-making	1	3	9	24	66	183	489	1146	2363
timeframe	3	10	46	163	421	916	1738	2918	4526	pleurisy	281	375	481	634	810	1062	1455	2244	3706
frizz	1	2	6	18	58	196	497	1213	2575	blin	600	925	1434	2109	3074	4343	5000	5000	5000
megawatt	2	3	9	13	31	55	133	309	668	huckster	10	24	52	109	198	401	825	1556	2719
synch	0	0	2	8	16	39	187	617	1559	apiary	0	2	10	44	155	476	1100	2269	4105
jaw-dropping	1	1	1	1	3	15	53	201	591	combativeness	94	231	435	790	1355	2130	3203	4576	5000
off-trail	5	9	25	73	142	272	543	1004	1871	pincushion	472	823	1370	2048	2949	4098	5000	5000	5000
bridewealth	3	7	19	40	96	273	680	1487	2864	abnegation	240	460	807	1330	1993	2831	3853	5000	5000
poblano	368	515	731	1077	1643	2567	3964	5000	5000	pugilist	36	89	163	320	572	953	1607	2587	3982
bluefin	13	26	52	96	142	272	538	1020	1913	hawser	263	419	658	1020	1550	2324	3280	4477	5000
gelato	141	226	357	545	804	1240	2054	3412	5000	shammy	39	82	175	383	801	1499	2617	4170	5000
hip-width	32	113	254	533	1029	1854	3173	5000	5000	perfumery	124	242	424	717	1153	1771	2560	3691	5000
speakerphone	21	33	50	77	122	199	363	729	1465	massiveness	64	147	277	499	913	1568	2562	3983	5000
on-task	0	0	2	9	41	180	505	1226	2441	fennel	392	580	798	1093	1540	2150	3112	4426	5000
biopic	17	37	63	121	240	425	730	1244	2091	rower	1	3	5	21	80	247	636	1422	2887
essentialist	151	297	540	854	1399	2100	2994	4164	5000	farthingale	4	17	45	114	249	512	978	1883	3237
emirate	9	21	64	128	230	440	840	1501	2519	plinth	1	3	16	60	149	356	743	1489	2718
avoidant	0	1	7	27	80	271	697	1555	2901	bowstring	82	181	350	675	1161	2004	3144	4657	5000
carpal	54	110	200	333	527	805	1171	1804	3007	joist	329	594	971	1564	2352	3365	4680	5000	5000
head-to-toe	28	67	123	212	327	490	702	1036	1685	continence	33	93	217	464	881	1579	2618	3959	5000
fascia	266	442	682	1034	1596	2297	3322	4726	5000	warnin	804	1044	1359	1756	2318	3020	3952	5000	5000
toolkit	2	3	12	32	85	239	560	1159	2134	findin	552	692	867	1111	1441	1931	2581	3469	4692
two-factor	8	31	112	304	642	1169	2023	3270	4974	proclivity	15	62	172	392	802	1475	2457	3803	5000
creatinine	262	470	721	1023	1383	1825	2366	3097	4111	briskness	37	84	160	280	471	795	1316	2122	3446
bowhunting	0	0	1	1	5	16	58	184	526	speciality	3	19	108	347	878	1825	3151	4885	5000
impulsivity	17	46	120	276	526	1000	1686	2671	3955	preemption	58	141	264	528	959	1643	2523	3825	5000
sociopath	85	157	277	497	910	1582	2604	4020	5000	tableland	311	496	765	1102	1568	2240	3132	4239	5000
brulee	415	571	808	1212	1939	3171	4871	5000	5000	praetor	18	39	70	146	316	636	1194	2236	3713
obra	777	1007	1243	1474	1709	2000	2401	2993	3890	ori	17	73	212	653	1422	2704	4370	5000	5000
stormwater	32	61	109	236	445	895	1621	2755	4269	struction	91	163	333	696	1279	2226	3601	5000	5000
hoisin	732	1012	1433	2046	2999	4518	5000	5000	5000	vesicle	1380	1781	2326	2896	3670	4709	5000	5000	5000
confit	452	620	801	1122	1648	2511	3905	5000	5000	triplet	0	0	3	30	110	410	1165	2566	4673
nanosecond	2	2	7	34	114	371	890	1918	3693	steepness	149	266	479	820	1299	2043	3135	4587	5000
sunroof	43	102	265	538	1020	1781	2799	4124	5000	basswood	355	574	947	1508	2369	3567	5000	5000	5000
hoodie	163	244	341	481	676	992	1604	2651	4264	nitre	64	143	276	446	683	967	1420	2072	3086
conflation	15	60	217	501	974	1613	2569	3769	5000	door-knob	319	594	969	1590	2468	3597	5000	5000	5000
bodybuilder	7	21	52	126	276	541	1007	1830	3080	fox-hunting	0	3	5	27	60	186	447	1003	2001
rebar	102	213	451	848	1418	2249	3372	4821	5000	lugger	239	368	522	817	1265	1896	2875	4149	5000
duvet	285	458	711	1097	1706	2605	3869	5000	5000	dray	36	61	105	211	402	734	1372	2405	3994
victimhood	78	224	496	901	1559	2341	3365	4555	5000	skull-cap	557	787	1113	1598	2291	3210	4496	5000	5000
cada	1625	1857	2116	2437	2851	3414	4295	5000	5000	zur	1570	1841	2142	2538	3063	3773	4689	5000	5000
ischemia	799	1101	1437	1888	2432	3190	4131	5000	5000	gentian	404	588	880	1307	1868	2701	3869	5000	5000
globalism	69	141	279	545	961	1542	2308	3264	4545	foulness	40	74	155	335	637	1145	2001	3183	4910
sockeye	32	52	92	169	319	600	1102	1925	3104	ascidian	1334	1847	2483	3321	4302	5000	5000	5000	5000
interleague	19	33	55	77	137	201	302	525	1073	love-story	17	46	127	280	575	1108	2036	3365	5000
estaba	1778	2039	2355	2754	3237	4010	5000	5000	5000	stockin	779	1138	1658	2363	3339	4568	5000	5000	5000
soymilk	626	876	1182	1627	2225	3081	4417	5000	5000	windvane	5	18	59	180	406	881	1688	2905	4565
narrativity	128	247	446	765	1266	2014	3087	4512	5000	country-side	1	3	10	28	149	375	860	1778	3203
hagfish	9	19	49	127	249	505	1046	1986	3507	lock-up	14	49	155	336	720	1357	2316	3630	5000
wakeup	0	0	0	1	6	44	169	544	1474	naida	126	262	552	983	1590	2355	3371	4665	5000
buy-in	4	12	83	228	477	936	1673	2680	3994	sirup	1006	1314	1665	2137	2737	3579	4757	5000	5000
neuropathy	511	698	944	1259	1649	2197	3003	4279	5000	fallibility	129	361	734	1306	2066	3090	4281	5000	5000
drop-offs	12	33	94	247	526	986	1802	2885	4499	story-book	24	84	225	532	1103	2067	3383	5000	5000
crankset	4	17	59	208	577	1235	2293	3696	5000	profitt	89	224	475	998	1871	3095	4668	5000	5000
airbag	13	34	86	179	328	601	1052	1820	3030	pillion	22	54	127	285	615	1191	2132	3485	5000
reticle	109	217	379	636	1052	1696	2690	3993	5000	lonley	15	29	62	164	362	764	1449	2538	4034
telomerase	71	188	394	701	1126	1726	2463	3528	4874	ill-temper	149	259	445	691	1029	1553	2293	3324	4764
bronzer	21	55	130	309	611	1159	2157	3595	5000	demijohn	205	381	640	1097	1773	2773	4122	5000	5000
surrogacy	0	1	4	24	71	194	570	1297	2543	gold-dust	14	56	147	379	829	1582	2794	4488	5000
birthweight	19	69	177	355	660	1104	1682	2593	3960	bibliomaniac	4	13	39	124	292	729	1437	2536	4139
mentorship	1	3	12	38	104	243	533	1128	2228	distiller	20	56	145	333	685	1275	2275	3805	5000
hantavirus	130	245	389	630	981	1472	2098	3066	4399	twentytwo	15	23	56	118	274	555	1068	1924	3196
turn-on	2	10	31	77	210	571	1278	2449	4231	cussin	1050	1340	1735	2278	2987	3983	5000	5000	5000
porcini	584	804	1144	1669	2406	3543	5000	5000	5000	leafage	634	899	1296	1898	2691	3725	5000	5000	5000
representativeness	26	87	208	485	936	1686	2722	4045	5000	self-justification	365	665	1097	1719	2567	3644	4914	5000	5000
faceup	16	48	122	277	570	1089	1850	3009	4638	amore	558	877	1159	1439	1780	2181	2763	3685	5000
voice-mail	3	6	16	28	51	93	163	374	844	escritoire	139	250	413	717	1184	1836	2746	4070	5000
antiterrorism	19	48	112	250	461	799	1261	1961	2996	shiftlessness	26	58	126	239	457	813	1368	2251	3460
screener	0	0	0	1	16	67	252	721	1665	fly-leaf	36	65	107	187	295	498	885	1600	3017
suppl	237	480	846	1366	2031	2915	4148	5000	5000	sprain	15	45	133	347	869	1714	2898	4319	5000
linearity	134	327	645	1135	1870	2785	3945	5000	5000	nimbleness	15	32	82	185	382	805	1542	2699	4447
polycarbonate	185	405	713	1141	1728	2539	3553	4821	5000	self-delusion	687	1177	1826	2658	3629	4787	5000	5000	5000
drow	31	99	255	612	1300	2361	3853	5000	5000	tra	747	1009	1301	1530	1837	2140	2581	3160	4026
subtype	228	492	881	1317	1950	2722	3738	4993	5000	splice	56	123	237	474	891	1565	2605	4056	5000
biofilter	56	157	365	727	1293	2034	3063	4316	5000	endpaper	21	81	247	530	983	1656	2654	4132	5000
antilock	34	57	120	227	422	731	1337	2357	3919	horse-car	21	54	100	166	288	524	907	1483	2390
inculturation	51	161	364	655	1126	1826	2762	4018	5000	double-dealing	55	103	161	291	535	954	1687	2794	4466
sportfishing	2	10	27	64	150	281	517	970	1715	hairbreadth	1	1	1	1	5	18	83	309	993
otorrhea	307	486	710	982	1338	1851	2493	3458	4852	mattock	177	356	700	1146	1890	2968	4332	5000	5000
superstore	5	13	24	50	108	213	422	878	1725	ponderable	571	977	1581	2340	3293	4478	5000	5000	5000
role-play	0	1	1	13	48	144	385	853	1798	entomology	115	158	214	317	500	835	1443	2413	3838
hotspot	0	0	0	2	13	48	192	589	1492	maggot	43	93	229	466	891	1675	2836	4615	5000
sonogram	1	5	18	41	119	287	617	1297	2544	fatalist	63	140	278	564	1073	1917	3044	4562	5000
biometrics	0	2	9	41	113	297	682	1366	2425	cook-house	121	309	612	1092	1850	2855	4202	5000	5000
consultee	2	10	20	79	257	680	1490	2743	4500	bath-tub	125	297	701	1346	2294	3654	5000	5000	5000
subcategory	2	8	28	104	290	705	1430	2566	4021	mamillaria	1448	1777	2164	2572	3140	3946	5000	5000	5000
leachate	103	244	484	852	1377	2098	3048	4313	5000	ecliptic	163	309	495	787	1238	1952	2966	4309	5000
ppb	236	395	642	964	1377	1951	2791	3943	5000	ld	13	84	271	675	1265	1916	2655	3611	4811
underrepresentation	7	19	75	211	508	1015	1813	2936	4365	straightforwardness	294	486	728	1107	1674	2479	3498	4735	5000
encoder	134	230	389	632	985	1512	2297	3426	5000	claxon	33	96	243	558	1070	1829	2827	4124	5000
leptin	318	524	832	1194	1671	2279	3160	4383	5000	ilium	14	22	63	167	397	844	1607	2759	4289
masala	169	267	394	554	784	1216	1956	3227	5000	sancta	86	209	390	739	1171	1649	2233	3069	4202
self-presentation	4	30	121	380	869	1576	2561	3844	5000	maladministration	129	275	561	955	1597	2410	3507	4796	5000
stockpot	196	339	547	808	1300	2155	3473	5000	5000	glazier	28	50	82	149	272	542	1073	2053	3599
low-fare	4	9	30	61	152	283	577	1049	1869	guillemot	67	169	341	630	1015	1617	2572	3955	5000
dysplasia	458	658	891	1181	1499	1913	2505	3403	4700	overpass	32	70	148	274	494	889	1515	2478	3834
waveform	272	449	761	1187	1766	2489	3374	4523	5000	snuffbox	160	294	494	780	1232	1938	2921	4259	5000
nematode	71	178	343	645	1071	1666	2345	3251	4383	peristyle	61	122	208	377	676	1165	1926	3069	4654
qubit	63	169	343	644	1062	1614	2370	3338	4667	alle	1779	2065	2403	2790	3334	3969	4823	5000	5000
stepdad	75	175	416	843	1509	2427	3512	4996	5000	banyan	326	508	782	1215	1972	2935	4227	5000	5000
flyfishing	3	11	21	32	62	147	380	989	2249	conjugation	662	1115	1766	2590	3645	4910	5000	5000	5000
self-referencing	1	10	56	251	651	1360	2481	3986	5000	conventionalism	282	532	883	1397	2094	3066	4276	5000	5000
peer-to-peer	3	12	48	118	284	609	1135	2005	3237	conservator	3	17	67	183	487	1090	2077	3444	5000
quintile	6	15	34	80	194	434	890	1699	2936	artiste	305	488	760	1147	1689	2384	3436	4796	5000
identifier	0	1	13	31	100	304	755	1713	3297	appellant	160	269	481	775	1220	1929	2911	4151	5000
dorsiflexion	177	385	696	1095	1675	2485	3604	5000	5000	dining-hall	109	204	381	661	1136	1865	2905	4368	5000
chickpea	698	932	1253	1720	2353	3334	4848	5000	5000	pirouette	16	53	196	506	1223	2376	4065	5000	5000
antiaging	3	14	41	121	288	638	1124	1954	3237	whirligig	0	3	24	96	398	1193	2754	4994	5000
crime-scene	0	1	1	1	6	25	83	214	605	step-ladder	52	141	324	702	1279	2245	3565	5000	5000
sarin	14	54	127	314	562	910	1399	2046	2983	fille	1635	1853	2148	2553	3078	3861	4957	5000	5000
dataflow	60	163	364	718	1304	2111	3235	4646	5000	colorist	90	179	328	607	1084	1916	3167	5000	5000
electability	10	42	133	386	910	1763	2985	4654	5000	twentyeight	30	40	80	152	308	591	1100	2029	3550
wildland	0	0	9	27	69	181	418	950	1911	blackleg	0	1	5	24	92	305	744	1501	2847
headphone	17	44	72	163	327	620	1138	1960	3372	club-house	94	176	319	585	1003	1675	2557	3997	5000
big-picture	1	3	13	46	132	347	763	1486	2561	pocket-knife	512	863	1331	1981	2871	4050	5000	5000	5000
progestin	589	880	1232	1644	2149	2846	3830	5000	5000	strumpet	280	530	937	1545	2412	3450	4744	5000	5000
slickrock	143	273	424	708	1163	1855	2852	4140	5000	stove-pipe	308	620	1033	1597	2397	3409	4750	5000	5000
eighth-grader	1	3	8	33	91	232	521	1166	2238	imperiousness	221	383	610	921	1363	1996	2902	4197	5000
pro-independence	89	150	261	406	653	1025	1519	2290	3343	acquisitiveness	483	884	1418	2170	3065	4229	5000	5000	5000
wonk	0	0	6	19	78	236	633	1450	2822	edu	148	284	566	1095	1881	3006	4487	5000	5000
falafel	190	296	435	633	940	1522	2459	3966	5000	aether	426	743	1186	1775	2474	3353	4419	5000	5000
dpi	1	10	25	57	166	333	727	1431	2636	som	98	314	581	922	1324	1794	2401	3130	4142
hegemon	3	12	36	92	285	643	1307	2434	4024	tanager	45	90	176	278	459	799	1395	2475	4279
megachurch	1	2	5	9	24	91	204	504	1212	explication	1026	1503	2191	3051	4162	5000	5000	5000	5000
keyboardist	27	46	107	194	332	599	1064	1779	2902	half-an-hour	5	14	27	102	269	619	1182	2185	3577
supernovas	16	33	63	122	220	475	985	1907	3320	corn-meal	586	804	1084	1515	2112	2980	4286	5000	5000
sidecut	6	10	36	97	260	571	1117	2174	3732	auricle	491	703	1004	1482	2046	2854	4133	5000	5000
sashimi	215	336	474	651	953	1423	2234	3688	5000	tromba	12	72	217	511	1011	1761	2842	4427	5000
tahini	819	1123	1580	2189	3138	4497	5000	5000	5000	singe	1	5	30	108	381	1065	2225	3763	5000
speciation	30	84	207	460	869	1513	2373	3472	4890	break-down	1	2	6	30	124	390	965	2181	3994
enabler	2	5	37	125	377	876	1770	3051	4794	tympanum	244	419	684	1138	1734	2623	3897	5000	5000
high-capacity	30	81	163	314	531	931	1511	2359	3537	prize-fighter	46	110	258	539	1038	1899	3176	5000	5000
inkjet	20	61	158	366	753	1371	2206	3399	5000	culpa	1313	1515	1814	2144	2658	3428	4549	5000	5000
interferometry	56	111	202	327	580	963	1606	2620	4038	organ-grinder	13	35	131	375	948	2019	3538	5000	5000
misdiagnosis	190	305	464	674	1032	1547	2367	3591	5000	county-seat	0	4	22	55	149	341	728	1475	2657
consumerist	11	50	138	313	625	1088	1810	2782	4062	mother-love	91	222	442	773	1293	2033	3133	4478	5000
techie	0	0	4	18	76	244	692	1634	3195	doore	46	172	468	1058	2000	3195	4709	5000	5000
ototoxicity	409	596	841	1154	1627	2365	3432	4724	5000	coat-of-arms	7	23	44	113	260	572	1139	2071	3650
micromanage	4	9	32	104	299	693	1312	2210	3532	wintergreen	436	588	844	1182	1707	2403	3372	4690	5000
grommet	3	13	35	89	218	543	1205	2353	4000	lurida	3	25	102	272	670	1345	2460	4008	5000
subsidiarity	198	396	744	1205	1846	2698	3788	5000	5000	pontificate	26	51	103	200	393	766	1400	2517	4204
intercountry	2	7	36	109	316	651	1216	2094	3340	co-existence	245	529	939	1491	2219	3231	4447	5000	5000
substance-abuse	11	21	43	93	192	381	678	1217	2055	supernaturalism	373	631	1060	1618	2415	3412	4716	5000	5000
deal-making	7	19	48	130	328	660	1387	2413	3793	deification	400	755	1290	1937	2788	3873	5000	5000	5000
intranet	5	14	31	73	183	410	830	1529	2676	dolorosa	3	4	18	45	108	321	753	1537	2838
alkyd	48	116	301	556	937	1519	2324	3580	5000	borer	70	201	447	846	1466	2359	3557	5000	5000
mouthwatering	120	210	326	497	715	1120	1834	3153	4973	squeamishness	205	406	723	1243	2034	3060	4424	5000	5000
spectrometry	278	465	695	975	1322	1804	2428	3269	4400	infrequency	76	252	607	1243	2239	3440	4946	5000	5000
in-vitro	25	89	203	435	753	1221	1897	2847	4083	hegumen	5	18	65	179	405	847	1640	2893	4626
biomedicine	2	13	66	204	502	1032	1887	3071	4563	persiflage	120	219	395	632	1057	1710	2728	4128	5000
flyover	0	3	14	53	162	396	855	1693	2960	bowline	137	234	390	732	1345	2315	3650	5000	5000
chakra	0	0	0	5	17	65	215	595	1485	statics	659	1024	1547	2269	3211	4380	5000	5000	5000
oestrogen	178	397	643	957	1320	1850	2630	3764	5000	cantonment	69	186	414	782	1350	2255	3493	5000	5000
buttercream	393	613	970	1476	2268	3448	5000	5000	5000	harmlessness	50	190	494	991	1702	2718	4064	5000	5000
breathability	9	28	44	130	302	671	1335	2451	4062	mischief-maker	43	93	205	394	759	1458	2560	4099	5000
attendee	0	0	0	2	11	41	163	448	1041	sequitur	496	860	1320	1958	2846	4048	5000	5000	5000
orality	31	101	304	645	1222	2064	3162	4529	5000	poopie	598	1069	1738	2567	3623	4865	5000	5000	5000
kbps	3	10	25	68	132	280	542	1045	1962	feu	689	880	1116	1372	1658	1971	2387	3045	4116
newbie	0	0	1	5	42	213	657	1613	3131	potin	453	901	1613	2495	3621	4902	5000	5000	5000
hacia	1830	2078	2393	2746	3272	4045	5000	5000	5000	estab	182	293	556	977	1758	2916	4461	5000	5000
whiteboard	5	13	26	68	170	337	665	1271	2324	millenium	2	7	30	93	297	746	1521	2811	4404
kya	0	0	0	3	12	71	272	943	2441	ris	170	553	1025	1547	2065	2710	3492	4665	5000
dodgeball	2	6	12	28	64	118	270	560	1198	saleratus	173	304	483	717	1030	1542	2316	3607	5000
dotcom	1	1	3	7	29	69	157	364	884	didna	479	731	1030	1434	1893	2484	3146	3980	5000
gluteus	65	117	212	338	534	1015	1810	3152	5000	peuple	1664	1853	2103	2388	2814	3368	4185	5000	5000
batterer	0	1	6	33	98	318	880	1878	3502	lumbago	60	91	168	314	573	1114	2039	3582	5000
ingroup	14	69	186	438	982	1845	3069	4558	5000	savoir	838	1070	1304	1603	1982	2553	3352	4569	5000
high-growth	86	201	358	602	959	1473	2304	3404	4866	abolishment	561	998	1553	2258	3222	4296	5000	5000	5000
encephalopathy	320	446	610	811	1125	1537	2115	3021	4414	morning-glory	713	1167	1775	2607	3691	5000	5000	5000	5000
catch-and-release	2	5	9	20	39	103	296	732	1750	unscrupulousness	283	493	868	1364	2045	2901	4090	5000	5000
hottie	10	51	151	384	888	1768	2962	4583	5000	ukase	69	165	337	666	1156	1867	2859	4153	5000
cooktop	73	162	324	610	1079	1817	2836	4273	5000	doxology	40	73	122	197	324	554	1013	1793	3200
postdoc	7	12	28	70	128	230	433	811	1502	bonheur	1447	1672	1979	2348	2809	3459	4413	5000	5000
preservationist	1	1	11	55	143	431	982	1910	3386	self-direction	589	954	1498	2232	3190	4341	5000	5000	5000
five-spice	564	827	1150	1680	2412	3591	5000	5000	5000	fire-eater	108	259	538	1094	1885	2975	4338	5000	5000
private-label	16	42	88	165	309	526	947	1608	2581	trading-post	49	127	289	576	1036	1760	2869	4327	5000
swingman	49	67	102	165	251	413	681	1157	2039	giantess	6	42	128	370	868	1798	3211	5000	5000
rotavirus	379	566	826	1153	1501	1981	2701	3711	5000	harpooneer	1	13	44	135	412	992	2007	3471	5000
soba	607	853	1208	1735	2522	3694	5000	5000	5000	mohel	268	480	865	1506	2508	3892	5000	5000	5000
ramen	280	388	565	771	1079	1565	2362	3689	5000	cumin	465	715	1018	1407	1954	2769	3890	5000	5000
favorability	0	1	8	26	105	291	702	1502	2721	materiality	609	971	1463	2132	3065	4214	5000	5000	5000
all-sky	1	3	12	32	77	176	370	749	1452	triste	1192	1394	1585	1853	2194	2680	3433	4566	5000
alendronate	439	697	1013	1426	1963	2686	3699	5000	5000	office-boy	29	81	262	624	1300	2380	3805	5000	5000
e-business	24	51	105	218	412	779	1296	2080	3169	proconsul	75	142	252	489	861	1415	2297	3607	5000
big-play	6	18	33	53	84	146	242	473	1045	verbena	844	1242	1775	2493	3401	4548	5000	5000	5000
cyberpunk	4	17	47	92	215	426	803	1457	2510	litigant	35	91	180	365	708	1289	2199	3444	5000
ejido	0	1	4	30	102	309	815	1646	2926	tendin	1019	1264	1671	2189	2929	3993	5000	5000	5000
phaser	13	31	83	168	410	752	1388	2396	3949	bon-bon	18	55	184	446	942	1862	3156	5000	5000
kickball	27	44	59	105	183	362	678	1363	2592	allspice	1325	1814	2434	3244	4455	5000	5000	5000	5000
nonresponse	5	34	99	267	647	1299	2323	3623	5000	morning-room	126	254	502	923	1611	2552	3842	5000	5000
audiogram	12	50	148	351	684	1210	2072	3237	4963	beaucoup	1897	2189	2515	3029	3701	4536	5000	5000	5000
surimi	110	229	438	746	1199	1773	2532	3518	4778	nigra	413	650	1095	1817	2761	3907	5000	5000	5000
lensing	114	205	398	720	1341	2171	3369	4894	5000	brawler	92	159	277	485	843	1492	2489	4042	5000
cybersecurity	16	70	181	349	622	1025	1608	2453	3650	truth-telling	39	117	311	695	1363	2268	3482	5000	5000
ronko	7	27	68	178	413	870	1739	3273	5000	capo	497	832	1206	1569	2010	2597	3438	4734	5000
dumbing	0	1	6	17	79	302	835	1751	3172	slopey	670	1099	1761	2568	3564	4889	5000	5000	5000
novela	1127	1332	1558	1795	2118	2529	3199	4325	5000	dressin	878	1140	1541	2163	3047	4231	5000	5000	5000
serotype	261	560	923	1350	1851	2530	3509	4752	5000	soapstone	257	512	946	1665	2589	3830	5000	5000	5000
low-incidence	18	55	145	348	782	1597	2872	4625	5000	office-holder	58	142	305	626	1203	2091	3389	5000	5000
scheduler	1	3	9	29	80	183	362	826	1698	clansman	1	15	46	141	366	839	1656	3055	5000
cook-off	4	7	16	44	134	273	553	1034	1903	desuetude	3	13	57	209	595	1223	2395	4014	5000
infill	18	41	95	216	440	865	1590	2778	4515	houris	25	61	163	326	611	1089	1840	2934	4531
merengue	5	15	36	88	193	371	755	1527	2893	torturer	203	379	691	1208	2088	3208	4779	5000	5000
wavefront	188	313	532	911	1459	2214	3238	4601	5000	dumbness	93	187	359	633	1115	1864	2860	4192	5000
noncredit	35	83	149	313	584	1055	1818	2942	4522	erysipelas	718	934	1208	1567	2054	2746	3766	5000	5000
point-and-shoot	4	14	30	83	195	441	964	1924	3586	fortune-telling	1	2	12	37	109	327	857	1973	3779
bodysuit	377	482	635	804	1101	1614	2511	3937	5000	pow-wow	74	224	526	1036	1780	2798	4149	5000	5000
queso	414	576	836	1297	2056	3093	4567	5000	5000	ka-ka	170	330	649	1117	1757	2666	3840	5000	5000
quote-unquote	0	0	7	61	235	702	1567	2945	4770	blood-letting	16	69	198	484	1083	2167	3653	5000	5000
criminalist	1	4	25	73	200	487	1075	2133	3824	slovenliness	139	291	548	963	1649	2579	3757	5000	5000
fifth-grader	0	5	33	103	274	657	1315	2431	3926	buccaneering	5	9	18	39	104	262	638	1461	2825
atrazine	114	287	516	822	1187	1682	2399	3407	4759	apocrypha	71	147	253	460	831	1432	2329	3626	5000
bonobo	1	2	17	35	88	179	354	696	1493	nobile	60	182	430	761	1155	1661	2336	3165	4293
otolaryngologist	30	69	138	225	380	571	844	1277	2114	self-accusation	334	590	957	1418	2071	2944	4071	5000	5000
skybox	0	0	2	12	38	111	324	792	1745	mortem	7	27	105	276	610	1077	1731	2779	4413
polyimide	911	1319	1788	2350	3039	3995	5000	5000	5000	poll-tax	93	187	318	547	897	1407	2245	3396	4997
bpg	64	145	390	771	1376	2233	3400	4814	5000	tum	1055	1305	1613	1968	2396	2960	3710	4735	5000
listserv	0	0	1	9	41	145	326	749	1640	acerbity	218	421	692	1086	1653	2443	3437	4741	5000
cross-sex	13	26	62	177	439	1013	1951	3436	5000	violente	950	1298	1679	2148	2807	3639	4774	5000	5000
workflow	13	40	99	280	598	1172	2053	3284	4907	hen-house	379	774	1426	2318	3520	4907	5000	5000	5000
waypoint	1	6	23	82	222	517	1049	1963	3430	truckman	3	16	63	189	503	1135	2201	3727	5000
p-value	51	127	294	540	1020	1724	2796	4148	5000	snogger	158	385	843	1473	2411	3507	4884	5000	5000
maquiladora	7	24	69	148	315	650	1143	1947	3142	coffee-cup	728	1170	1795	2684	3760	5000	5000	5000	5000
